year,state_po,state_fips,state,total_votes,dem_votes,rep_votes,other_votes,dem_pct,rep_pct,margin,winner,previous_dem_pct,previous_rep_pct,previous_margin,previous_winner,previous_election_year,poll_dem,poll_rep,poll_margin,census_reference_year,census_product,population,median_age,median_income,college_pct,unemployment_pct,white_pct,black_pct,hispanic_pct,poverty_pct,economy_reference_year,unemployment,inflation_pct,gdp_growth_pct,target_democrat,state_year
2000,AK,02,ALASKA,285560,79004,167398,39158,27.666339823504693,58.620955315870575,-30.954615492365882,REPUBLICAN,33.26711364953233,50.80125817399222,-17.53414452445989,REPUBLICAN,1996.0,25.651124,47.227266,-21.576142,,,,,,,,,,,,1999,4.216666666666667,2.193139410050615,4.788427076368618,0,AK_2000
2004,AK,02,ALASKA,312598,111025,190889,10684,35.51686191210436,61.065329912539426,-25.548468000435065,REPUBLICAN,27.666339823504693,58.620955315870575,-30.954615492365882,REPUBLICAN,2000.0,31.115875,57.323184,-26.207309,,,,,,,,,,,,2003,5.991666666666667,2.2979985174202966,2.795612971349559,0,AK_2004
2008,AK,02,ALASKA,326197,123594,193841,8762,37.88937359938932,59.42451953880631,-21.535145939416985,REPUBLICAN,35.51686191210436,61.065329912539426,-25.548468000435065,REPUBLICAN,2004.0,39.015253,55.330932,-16.315678999999996,2006.0,acs1,670053.0,33.5,59393.0,26.851045400957585,9.438781955013853,68.67665692116893,3.2051195950171105,,10.877197287717582,2007,4.616666666666666,2.870550295613361,2.003864445323078,0,AK_2008
2012,AK,02,ALASKA,300495,122640,164676,13179,40.81265911246443,54.801577397294466,-13.988918284830035,REPUBLICAN,37.88937359938932,59.42451953880631,-21.535145939416985,REPUBLICAN,2008.0,,,,2010.0,acs5,691189.0,33.8,66521.0,27.00410950302224,8.595128207245216,67.15239970543513,3.2776852640884044,5.554631222429755,9.52058458715977,2011,8.933333333333334,3.1396522774534974,1.5644068087848906,0,AK_2012
2016,AK,02,ALASKA,318608,116454,163387,38767,36.550871290111985,51.281512077537286,-14.730640787425301,REPUBLICAN,40.81265911246443,54.801577397294466,-13.988918284830035,REPUBLICAN,2012.0,38.04859,41.84903,-3.800440000000002,2014.0,acs5,728300.0,33.4,71829.0,27.684714295955633,8.44480109450642,66.48290539612796,3.452972676095016,6.212687079500205,10.10439587478119,2015,5.2749999999999995,0.12113723253701636,2.945549046689311,0,AK_2016
2020,AK,02,ALASKA,359530,153778,189951,15801,42.771952271020496,52.83314327038078,-10.061190999360285,REPUBLICAN,36.550871290111985,51.281512077537286,-14.730640787425301,REPUBLICAN,2016.0,,,,2018.0,acs5,738516.0,34.0,76715.0,29.23112991310937,7.401264177164118,64.83732241413863,3.2672277919503436,6.930926344182116,10.804469149712629,2019,3.6750000000000003,1.813258621914171,2.5838316161415076,0,AK_2020
2024,AK,02,ALASKA,338177,140026,184458,13693,41.40612756041954,54.54480937497228,-13.13868181455274,REPUBLICAN,42.771952271020496,52.83314327038078,-10.061190999360285,REPUBLICAN,2020.0,,,,2022.0,acs5,734821.0,35.3,86370.0,30.748285038621365,6.35979867309779,61.3036372123279,3.183768564044849,7.469846397966308,10.487625001219863,2023,3.625,4.126962791295052,2.918555239317744,0,AK_2024
2000,AL,01,ALABAMA,1666272,692611,941173,32488,41.56650294789806,56.483755353267654,-14.917252405369595,REPUBLICAN,43.15608769582409,50.121843205163884,-6.965755509339793,REPUBLICAN,1996.0,36.612477,52.792176,-16.179699,,,,,,,,,,,,1999,4.216666666666667,2.193139410050615,4.788427076368618,0,AL_2000
2004,AL,01,ALABAMA,1883415,693933,1176394,13088,36.84440232237717,62.46068975770077,-25.6162874353236,REPUBLICAN,41.56650294789806,56.483755353267654,-14.917252405369595,REPUBLICAN,2000.0,35.154524,56.784445,-21.629920999999996,,,,,,,,,,,,2003,5.991666666666667,2.2979985174202966,2.795612971349559,0,AL_2004
2008,AL,01,ALABAMA,2099819,813479,1266546,19794,38.74043429457492,60.31691302917061,-21.57647873459569,REPUBLICAN,36.84440232237717,62.46068975770077,-25.6162874353236,REPUBLICAN,2004.0,34.648712,58.116306,-23.467594,2006.0,acs1,4599030.0,37.2,38783.0,21.06654651626695,6.896671251414246,70.40523762619509,26.29513179953164,2.4229457081167114,16.555975790200776,2007,4.616666666666666,2.870550295613361,2.003864445323078,0,AL_2008
2012,AL,01,ALABAMA,2074338,795696,1255925,22717,38.35903309875247,60.54582232982282,-22.18678923107035,REPUBLICAN,38.74043429457492,60.31691302917061,-21.57647873459569,REPUBLICAN,2008.0,35.622967,53.698304,-18.075336999999998,2010.0,acs5,4712651.0,37.5,42081.0,21.71966956358353,8.69666171943884,69.89520335794015,26.14929473877866,3.4454280616154263,17.11055169251198,2011,8.933333333333334,3.1396522774534974,1.5644068087848906,0,AL_2012
2016,AL,01,ALABAMA,2123372,729547,1318255,75570,34.35794575797364,62.08309236440906,-27.725146606435423,REPUBLICAN,38.35903309875247,60.54582232982282,-22.18678923107035,REPUBLICAN,2012.0,34.31311,58.11054,-23.79743,2014.0,acs5,4817678.0,38.2,43511.0,23.05269085261142,10.214325046479296,69.07665892158006,26.357261734802535,3.981959773982404,18.93197375896636,2015,5.2749999999999995,0.12113723253701636,2.945549046689311,0,AL_2016
2020,AL,01,ALABAMA,2323282,849624,1441170,32488,36.569990212122335,62.031643166864804,-25.46165295474247,REPUBLICAN,34.35794575797364,62.08309236440906,-27.725146606435423,REPUBLICAN,2016.0,,,,2018.0,acs5,4864680.0,38.9,48486.0,24.927438470429017,6.64827839176915,68.19468084231646,26.583166827006092,4.175937574516721,17.489743174487497,2019,3.6750000000000003,1.813258621914171,2.5838316161415076,0,AL_2020
2024,AL,01,ALABAMA,2265090,772412,1462616,30062,34.10072005968858,64.57209205815222,-30.471371998463646,REPUBLICAN,36.569990212122335,62.031643166864804,-25.46165295474247,REPUBLICAN,2020.0,,,,2022.0,acs5,5028092.0,39.3,59609.0,27.208387292476054,5.152174360946664,66.20825553709041,26.37861439289496,4.622170795601989,15.722492125943194,2023,3.625,4.126962791295052,2.918555239317744,0,AL_2024
2000,AR,05,ARKANSAS,921781,422768,472940,26073,45.86425626043496,51.30719769663293,-5.4429414361979696,REPUBLICAN,53.73644915194817,36.800857664357395,16.935591487590777,DEMOCRAT,1996.0,43.849492,45.524948,-1.675456000000004,,,,,,,,,,,,1999,4.216666666666667,2.193139410050615,4.788427076368618,0,AR_2000
2004,AR,05,ARKANSAS,1054945,469953,572898,12094,44.547630445189085,54.30595907843537,-9.758328633246286,REPUBLICAN,45.86425626043496,51.30719769663293,-5.4429414361979696,REPUBLICAN,2000.0,46.071452,49.645965,-3.574512999999996,,,,,,,,,,,,2003,5.991666666666667,2.2979985174202966,2.795612971349559,0,AR_2004
2008,AR,05,ARKANSAS,1086617,422310,638017,26290,38.86465976512423,58.71590449992959,-19.851244734805363,REPUBLICAN,44.547630445189085,54.30595907843537,-9.758328633246286,REPUBLICAN,2004.0,42.669024,51.308489,-8.639465000000001,2006.0,acs1,2810872.0,37.1,36599.0,18.222186134004577,6.963967273533117,78.56010519155622,15.570968724296232,4.9195765584487665,17.2641796349699,2007,4.616666666666666,2.870550295613361,2.003864445323078,0,AR_2008
2012,AR,05,ARKANSAS,1069468,394409,647744,27315,36.87899030172011,60.566936084109116,-23.687945782389008,REPUBLICAN,38.86465976512423,58.71590449992959,-19.851244734805363,REPUBLICAN,2008.0,32.926437,57.742123,-24.815686,2010.0,acs5,2872684.0,37.2,39267.0,19.13230063316481,7.847381732305219,78.45885589922177,15.49759736887176,5.863053506755355,18.012221611484044,2011,8.933333333333334,3.1396522774534974,1.5644068087848906,0,AR_2012
2016,AR,05,ARKANSAS,1130635,380494,684872,65269,33.65312412936093,60.57410216382829,-26.92097803446736,REPUBLICAN,36.87899030172011,60.566936084109116,-23.687945782389008,REPUBLICAN,2012.0,34.07032,52.61717,-18.54685,2014.0,acs5,2947036.0,37.6,41264.0,20.646084053902563,8.420354885510536,78.25058804846631,15.545653327614591,6.722313538076902,19.188538500179202,2015,5.2749999999999995,0.12113723253701636,2.945549046689311,0,AR_2016
2020,AR,05,ARKANSAS,1219069,423932,760647,34490,34.77506195301496,62.39572985614432,-27.62066790312936,REPUBLICAN,33.65312412936093,60.57410216382829,-26.92097803446736,REPUBLICAN,2016.0,,,,2018.0,acs5,2990671.0,37.9,45726.0,22.588877045896403,5.538885278687638,77.00191696111006,15.413597818014754,7.324510118297867,17.579623582889855,2019,3.6750000000000003,1.813258621914171,2.5838316161415076,0,AR_2020
2024,AR,05,ARKANSAS,1182676,396905,759241,26530,33.55990989924544,64.19687217800987,-30.63696227876443,REPUBLICAN,34.77506195301496,62.39572985614432,-27.62066790312936,REPUBLICAN,2020.0,,,,2022.0,acs5,3018669.0,38.4,56335.0,24.70555115616481,5.147137052830742,72.65944030299445,15.12895252841567,8.060539264159138,16.228857632436906,2023,3.625,4.126962791295052,2.918555239317744,0,AR_2024
2000,AZ,04,ARIZONA,1532016,685341,781652,65023,44.73458501738885,51.02113816043696,-6.28655314304811,REPUBLICAN,46.517065946076805,44.29441649666585,2.2226494494109517,DEMOCRAT,1996.0,39.764712,49.260386,-9.495673999999994,,,,,,,,,,,,1999,4.216666666666667,2.193139410050615,4.788427076368618,0,AZ_2000
2004,AZ,04,ARIZONA,2012585,893524,1104294,14767,44.396832928795554,54.869434086013754,-10.4726011572182,REPUBLICAN,44.73458501738885,51.02113816043696,-6.28655314304811,REPUBLICAN,2000.0,42.352808,51.649929,-9.297120999999997,,,,,,,,,,,,2003,5.991666666666667,2.2979985174202966,2.795612971349559,0,AZ_2004
2008,AZ,04,ARIZONA,2293475,1034707,1230111,28657,45.11525087476428,53.63524782262724,-8.519996947862964,REPUBLICAN,44.396832928795554,54.869434086013754,-10.4726011572182,REPUBLICAN,2004.0,44.804275,49.059644,-4.255369000000002,2006.0,acs1,6166318.0,34.6,47265.0,25.464040218800392,4.880160430940174,76.89045553602652,3.370520300769438,29.245604913661605,14.166023644489975,2007,4.616666666666666,2.870550295613361,2.003864445323078,0,AZ_2008
2012,AZ,04,ARIZONA,2299254,1025232,1233654,40368,44.58976694179938,53.654533165974705,-9.064766224175322,REPUBLICAN,45.11525087476428,53.63524782262724,-8.519996947862964,REPUBLICAN,2008.0,43.234334,50.737675,-7.503341000000006,2010.0,acs5,6246816.0,35.5,50448.0,26.31832434878404,7.65305196415931,78.17752275719343,3.8524425883522104,29.049583019573493,15.271138719121014,2011,8.933333333333334,3.1396522774534974,1.5644068087848906,0,AZ_2012
2016,AZ,04,ARIZONA,2573165,1161209,1252401,159555,45.127654075817134,48.67161647232105,-3.5439623965039146,REPUBLICAN,44.58976694179938,53.654533165974705,-9.064766224175322,REPUBLICAN,2012.0,42.75189,43.84451,-1.0926199999999966,2014.0,acs5,6561516.0,36.5,49928.0,27.097705924417053,9.939919236337829,78.8549780264195,4.181655580813946,30.13062834869259,18.23809759997654,2015,5.2749999999999995,0.12113723253701636,2.945549046689311,0,AZ_2016
2020,AZ,04,ARIZONA,3387326,1672143,1661686,53497,49.364690614366616,49.05598103046474,0.308709583901873,DEMOCRAT,45.127654075817134,48.67161647232105,-3.5439623965039146,REPUBLICAN,2016.0,,,,2018.0,acs5,6946685.0,37.4,56213.0,28.875499252039088,6.455823243838202,77.21871655329124,4.394311819234642,31.14164525957345,16.0877067779646,2019,3.6750000000000003,1.813258621914171,2.5838316161415076,1,AZ_2020
2024,AZ,04,ARIZONA,3389319,1582860,1770242,36217,46.70141701031977,52.23002024890546,-5.5286032385856885,REPUBLICAN,49.364690614366616,49.05598103046474,0.308709583901873,DEMOCRAT,2020.0,,,,2022.0,acs5,7172282.0,38.4,72581.0,31.798873489201284,5.366159376588977,66.6691856232089,4.5602919684418435,32.033221783527196,13.065050808119267,2023,3.625,4.126962791295052,2.918555239317744,0,AZ_2024
2000,CA,06,CALIFORNIA,10965822,5861203,4567429,537190,53.44973682775446,41.651496805255455,11.798240022499002,DEMOCRAT,51.09886561852729,38.20942008004616,12.889445538481134,DEMOCRAT,1996.0,46.165362,40.061522,6.103840000000005,,,,,,,,,,,,1999,4.216666666666667,2.193139410050615,4.788427076368618,1,CA_2000
2004,CA,06,CALIFORNIA,12421353,6745485,5509826,166042,54.305557534674364,44.357695977241775,9.947861557432589,DEMOCRAT,53.44973682775446,41.651496805255455,11.798240022499002,DEMOCRAT,2000.0,52.389603,41.655919,10.733684000000004,,,,,,,,,,,,2003,5.991666666666667,2.2979985174202966,2.795612971349559,1,CA_2004
2008,CA,06,CALIFORNIA,13561900,8274473,5011781,275646,61.01263834713425,36.954858832464474,24.057779514669775,DEMOCRAT,54.305557534674364,44.357695977241775,9.947861557432589,DEMOCRAT,2004.0,57.811354,33.525949,24.285405000000004,2006.0,acs1,36457549.0,34.4,56645.0,28.989960478402143,6.614179412782252,59.823429161406324,6.200767912291635,35.861310918076256,13.146722348054496,2007,4.616666666666666,2.870550295613361,2.003864445323078,1,CA_2008
2012,CA,06,CALIFORNIA,13038547,7854285,4839958,344304,60.23895914168964,37.1203785207048,23.118580620984844,DEMOCRAT,61.01263834713425,36.954858832464474,24.057779514669775,DEMOCRAT,2008.0,54.904314,38.640348,16.263965999999996,2010.0,acs5,36637290.0,34.9,60883.0,30.0608840475199,8.9872317019365,61.120003690229275,6.1312149452101945,36.72803583452816,13.713354135497704,2011,8.933333333333334,3.1396522774534974,1.5644068087848906,1,CA_2012
2016,CA,06,CALIFORNIA,14181595,8753788,4483810,943997,61.72639960455788,31.617106538439433,30.10929306611845,DEMOCRAT,60.23895914168964,37.1203785207048,23.118580620984844,DEMOCRAT,2012.0,54.93533,31.09006,23.84527,2014.0,acs5,38066920.0,35.6,61489.0,31.001972744484345,10.98584105849558,62.12983083475101,5.943015615657899,38.18131070231056,16.38459714267778,2015,5.2749999999999995,0.12113723253701636,2.945549046689311,1,CA_2016
2020,CA,06,CALIFORNIA,17500881,11110250,6006429,384202,63.48394689387351,34.32072362528492,29.163223268588588,DEMOCRAT,61.72639960455788,31.617106538439433,30.10929306611845,DEMOCRAT,2016.0,,,,2018.0,acs5,39148760.0,36.3,71228.0,33.25365285365873,6.731876709901738,60.101694153275865,5.792967644441357,38.881377085762104,14.286675409946358,2019,3.6750000000000003,1.813258621914171,2.5838316161415076,1,CA_2020
2024,CA,06,CALIFORNIA,15865475,9276179,6081697,507599,58.467704244593996,38.33290210346681,20.13480214112719,DEMOCRAT,63.48394689387351,34.32072362528492,29.163223268588588,DEMOCRAT,2020.0,,,,2022.0,acs5,39356104.0,37.3,91905.0,35.86440155903851,6.406478200694359,48.13398196122258,5.596557525104619,39.68362823718527,12.124320246167636,2023,3.625,4.126962791295052,2.918555239317744,1,CA_2024
2000,CO,08,COLORADO,1741368,738227,883748,119393,42.39350901130605,50.7502147736722,-8.356705762366147,REPUBLICAN,44.42649840934877,45.7964575409313,-1.369959131582533,REPUBLICAN,1996.0,37.263139,47.832048,-10.568908999999998,,,,,,,,,,,,1999,4.216666666666667,2.193139410050615,4.788427076368618,0,CO_2000
2004,CO,08,COLORADO,2129630,1001732,1101255,26643,47.0378422542883,51.7110953545921,-4.673253100303803,REPUBLICAN,42.39350901130605,50.7502147736722,-8.356705762366147,REPUBLICAN,2000.0,45.048725,49.728035,-4.679310000000001,,,,,,,,,,,,2003,5.991666666666667,2.2979985174202966,2.795612971349559,0,CO_2004
2008,CO,08,COLORADO,2401361,1288576,1073589,39196,53.66023684069159,44.70752210933716,8.952714731354426,DEMOCRAT,47.0378422542883,51.7110953545921,-4.673253100303803,REPUBLICAN,2004.0,50.779838,44.372268,6.40757,2006.0,acs1,4753377.0,35.4,52015.0,34.349206349206355,5.499160713709948,82.78264063633077,3.7426444399423824,19.657813802692274,11.951923504663728,2007,4.616666666666666,2.870550295613361,2.003864445323078,1,CO_2008
2012,CO,08,COLORADO,2569516,1323101,1185243,61172,51.492226551615175,46.127091639047975,5.3651349125672,DEMOCRAT,53.66023684069159,44.70752210933716,8.952714731354426,DEMOCRAT,2008.0,47.628525,47.612776,0.015749000000006674,2010.0,acs5,4887061.0,35.8,56456.0,35.88563320743023,6.845412718598422,83.53824517434917,3.900053631415691,20.12100933464919,12.238569393143491,2011,8.933333333333334,3.1396522774534974,1.5644068087848906,1,CO_2012
2016,CO,08,COLORADO,2780220,1338870,1202484,238866,48.1569803828474,43.25139737143104,4.905583011416361,DEMOCRAT,51.492226551615175,46.127091639047975,5.3651349125672,DEMOCRAT,2012.0,43.52682,39.38504,4.141780000000004,2014.0,acs5,5197580.0,36.2,59448.0,37.46113616047707,7.886525771742164,83.97967900445977,4.022294991130488,20.944401048180115,13.069341665339444,2015,5.2749999999999995,0.12113723253701636,2.945549046689311,1,CO_2016
2020,CO,08,COLORADO,3279980,1804352,1364607,111021,55.01106714065329,41.60412563491241,13.406941505740882,DEMOCRAT,48.1569803828474,43.25139737143104,4.905583011416361,DEMOCRAT,2016.0,,,,2018.0,acs5,5531141.0,36.6,68811.0,40.145526640402586,4.67740960821835,84.17040896263538,4.120994203546791,21.42042663530002,10.915415438267136,2019,3.6750000000000003,1.813258621914171,2.5838316161415076,1,CO_2020
2024,CO,08,COLORADO,3192745,1728159,1377441,87145,54.12768636392822,43.14284416700989,10.98484219691833,DEMOCRAT,55.01106714065329,41.60412563491241,13.406941505740882,DEMOCRAT,2020.0,,,,2022.0,acs5,5770790.0,37.3,87598.0,43.73070433568681,4.533105861352668,76.13184676621398,4.049913443393366,22.07257585183311,9.553819024642115,2023,3.625,4.126962791295052,2.918555239317744,1,CO_2024
2000,CT,09,CONNECTICUT,1459525,816015,561094,82416,55.909628132440346,38.4436032270773,17.46602490536305,DEMOCRAT,52.83158147196567,34.69080448710123,18.140776984864438,DEMOCRAT,1996.0,46.339066,36.946178,9.392888,,,,,,,,,,,,1999,4.216666666666667,2.193139410050615,4.788427076368618,1,CT_2000
2004,CT,09,CONNECTICUT,1578769,857488,693826,27455,54.3137089719902,43.94727791082799,10.36643106116221,DEMOCRAT,55.909628132440346,38.4436032270773,17.46602490536305,DEMOCRAT,2000.0,50.960863,39.59469,11.366173000000003,,,,,,,,,,,,2003,5.991666666666667,2.2979985174202966,2.795612971349559,1,CT_2004
2008,CT,09,CONNECTICUT,1646792,997772,629428,19592,60.58882967612181,38.22146330562694,22.36736637049487,DEMOCRAT,54.3137089719902,43.94727791082799,10.36643106116221,DEMOCRAT,2004.0,54.528348,35.822936,18.705412000000003,2006.0,acs1,3504809.0,39.1,63422.0,33.68140633771078,6.1637781103704015,79.9000459083505,9.492985209750374,11.182777720554816,8.254416178075767,2007,4.616666666666666,2.870550295613361,2.003864445323078,1,CT_2008
2012,CT,09,CONNECTICUT,1558204,905083,634892,18229,58.085013258854424,40.74511424691504,17.339899011939387,DEMOCRAT,60.58882967612181,38.22146330562694,22.36736637049487,DEMOCRAT,2008.0,52.568714,42.220887,10.347827000000002,2010.0,acs5,3545837.0,39.5,67740.0,35.17412248679576,7.606657578477213,78.85094548903405,9.666659804159075,12.609462871530756,9.150365614613056,2011,8.933333333333334,3.1396522774534974,1.5644068087848906,1,CT_2012
2016,CT,09,CONNECTICUT,1644920,897572,673215,74133,54.56630109670987,40.92691437881478,13.639386717895093,DEMOCRAT,58.085013258854424,40.74511424691504,17.339899011939387,DEMOCRAT,2012.0,49.34076,37.28139,12.059370000000001,2014.0,acs5,3592053.0,40.3,69899.0,36.999491361908014,9.551317851203033,77.64654363396086,10.185567974637346,14.275819426940528,10.477677410829576,2015,5.2749999999999995,0.12113723253701636,2.945549046689311,1,CT_2016
2020,CT,09,CONNECTICUT,1823857,1080831,714717,28309,59.26073151568352,39.187118288330716,20.0736132273528,DEMOCRAT,54.56630109670987,40.92691437881478,13.639386717895093,DEMOCRAT,2016.0,,,,2018.0,acs5,3581504.0,40.8,76106.0,38.94073041277956,6.502375082242192,76.36121584675041,10.561540626507746,15.68589620449956,10.027595030764905,2019,3.6750000000000003,1.813258621914171,2.5838316161415076,1,CT_2020
2024,CT,09,CONNECTICUT,1759010,992053,736918,30039,56.398371811416645,41.89390623134604,14.504465580070608,DEMOCRAT,59.26073151568352,39.187118288330716,20.0736132273528,DEMOCRAT,2020.0,,,,2022.0,acs5,3611317.0,40.9,90213.0,41.38488331039079,5.9073463152895265,69.84061493355472,10.672200751138712,17.37338483439698,10.140715932971126,2023,3.625,4.126962791295052,2.918555239317744,1,CT_2024
2000,DC,11,DISTRICT OF COLUMBIA,201894,171923,18073,11898,85.15508137933767,8.951727143946824,76.20335423539085,DEMOCRAT,85.19001109160807,9.335795742114728,75.85421534949334,DEMOCRAT,1996.0,72.644118,14.148045,58.49607300000001,,,,,,,,,,,,1999,4.216666666666667,2.193139410050615,4.788427076368618,1,DC_2000
2004,DC,11,DISTRICT OF COLUMBIA,227586,202970,21256,3360,89.18386895503238,9.339766066454,79.84410288857838,DEMOCRAT,85.15508137933767,8.951727143946824,76.20335423539085,DEMOCRAT,2000.0,,,,,,,,,,,,,,,2003,5.991666666666667,2.2979985174202966,2.795612971349559,1,DC_2004
2008,DC,11,DISTRICT OF COLUMBIA,265853,245800,17367,2686,92.45710975614342,6.5325574659680345,85.92455229017538,DEMOCRAT,89.18386895503238,9.339766066454,79.84410288857838,DEMOCRAT,2004.0,,,,2006.0,acs1,581530.0,35.0,51847.0,45.89869322346637,8.482709592240898,34.45995907347858,55.38923185390263,8.21539731398208,19.613143890805045,2007,4.616666666666666,2.870550295613361,2.003864445323078,1,DC_2008
2012,DC,11,DISTRICT OF COLUMBIA,293764,267070,21381,5313,90.91311392818724,7.2782914176005225,83.63482251058672,DEMOCRAT,92.45710975614342,6.5325574659680345,85.92455229017538,DEMOCRAT,2008.0,87.393192,8.4878848,78.9053072,2010.0,acs5,584400.0,34.3,58526.0,49.19503225628791,9.403541074760087,38.05184804928131,52.88295687885011,8.778405201916495,18.45842152899075,2011,8.933333333333334,3.1396522774534974,1.5644068087848906,1,DC_2012
2016,DC,11,DISTRICT OF COLUMBIA,312575,282830,12723,17022,90.48388386787171,4.070383108054067,86.41350075981765,DEMOCRAT,90.91311392818724,7.2782914176005225,83.63482251058672,DEMOCRAT,2012.0,87.58936,4.054704,83.534656,2014.0,acs5,633736.0,33.7,69235.0,53.39118767801844,10.566128881740381,40.23047451935822,49.56922125301387,9.883768635520154,18.24121943897802,2015,5.2749999999999995,0.12113723253701636,2.945549046689311,1,DC_2016
2020,DC,11,DISTRICT OF COLUMBIA,344356,317323,18586,8447,92.14969392140692,5.397321376714795,86.75237254469212,DEMOCRAT,90.48388386787171,4.070383108054067,86.41350075981765,DEMOCRAT,2016.0,,,,2018.0,acs5,684498.0,33.9,82604.0,57.56877578386015,7.369651777492868,40.97440752200883,46.9419925259095,10.924210151088827,16.822089621945825,2019,3.6750000000000003,1.813258621914171,2.5838316161415076,1,DC_2020
2024,DC,11,DISTRICT OF COLUMBIA,325869,294185,21076,10608,90.27707452994915,6.467629630311567,83.80944489963758,DEMOCRAT,92.14969392140692,5.397321376714795,86.75237254469212,DEMOCRAT,2020.0,,,,2022.0,acs5,670587.0,34.8,101722.0,62.63609274529711,7.1075435922969765,39.612011565986215,44.30461670148691,11.50752997001135,15.101881746931534,2023,3.625,4.126962791295052,2.918555239317744,1,DC_2024
2000,DE,10,DELAWARE,327529,180068,137288,10173,54.977727163090904,41.91628832866708,13.061438834423825,DEMOCRAT,51.82784978398139,36.579889959750375,15.247959824231017,DEMOCRAT,1996.0,46.160926,43.50226,2.6586660000000037,,,,,,,,,,,,1999,4.216666666666667,2.193139410050615,4.788427076368618,1,DE_2000
2004,DE,10,DELAWARE,375190,200152,171660,3378,53.34683760228152,45.75281857192356,7.594019030357956,DEMOCRAT,54.977727163090904,41.91628832866708,13.061438834423825,DEMOCRAT,2000.0,47.680926,40.428625,7.252301000000003,,,,,,,,,,,,2003,5.991666666666667,2.2979985174202966,2.795612971349559,1,DE_2004
2008,DE,10,DELAWARE,412412,255459,152374,4579,61.942668981503935,36.94703354897529,24.995635432528644,DEMOCRAT,53.34683760228152,45.75281857192356,7.594019030357956,DEMOCRAT,2004.0,58.683291,35.188925,23.494366,2006.0,acs1,853476.0,37.5,52833.0,26.986537456384468,5.900420004810628,72.13301838598859,20.720559219005573,,11.097501668329969,2007,4.616666666666666,2.870550295613361,2.003864445323078,1,DE_2008
2012,DE,10,DELAWARE,413890,242584,165484,5822,58.61074198458528,39.98260407354611,18.62813791103917,DEMOCRAT,61.942668981503935,36.94703354897529,24.995635432528644,DEMOCRAT,2008.0,,,,2010.0,acs5,881278.0,38.3,57599.0,27.666298692131186,7.109813648625583,71.08154294104698,21.02094912161656,7.5929502381768295,10.96455156751604,2011,8.933333333333334,3.1396522774534974,1.5644068087848906,1,DE_2012
2016,DE,10,DELAWARE,441590,235603,185127,20860,53.353336805634186,41.92282433931928,11.430512466314909,DEMOCRAT,58.61074198458528,39.98260407354611,18.62813791103917,DEMOCRAT,2012.0,49.29372,34.50422,14.789500000000004,2014.0,acs5,917060.0,39.1,60231.0,29.43599952326192,8.546280278673255,69.71779381937932,21.59378884696748,8.570649684862495,12.013666960929587,2015,5.2749999999999995,0.12113723253701636,2.945549046689311,1,DE_2016
2020,DE,10,DELAWARE,504346,296268,200603,7475,58.743005793641665,39.774876771105546,18.968129022536118,DEMOCRAT,53.353336805634186,41.92282433931928,11.430512466314909,DEMOCRAT,2016.0,,,,2018.0,acs5,949495.0,40.2,65627.0,31.39978696291852,5.944556958329075,68.97403356521097,22.105645632678424,9.090621856881816,11.887042887239925,2019,3.6750000000000003,1.813258621914171,2.5838316161415076,1,DE_2020
2024,DE,10,DELAWARE,512913,289758,214351,8804,56.49262155570243,41.79090800974044,14.701713545961987,DEMOCRAT,58.743005793641665,39.774876771105546,18.968129022536118,DEMOCRAT,2020.0,,,,2022.0,acs5,993635.0,41.4,79325.0,34.461651369859105,5.4437291986368255,63.830682292793625,21.966416239363546,9.93282241466937,11.12297809767046,2023,3.625,4.126962791295052,2.918555239317744,1,DE_2024
2000,FL,12,FLORIDA,5963110,2912253,2912790,138067,48.837821204036146,48.84682657204043,-0.009005368004281422,REPUBLICAN,48.02557119781926,42.324548749668594,5.701022448150667,DEMOCRAT,1996.0,45.640538,44.764464,0.8760740000000027,,,,,,,,,,,,1999,4.216666666666667,2.193139410050615,4.788427076368618,0,FL_2000
2004,FL,12,FLORIDA,7609810,3583544,3964522,61744,47.09111002771423,52.09751623233695,-5.006406204622721,REPUBLICAN,48.837821204036146,48.84682657204043,-0.009005368004281422,REPUBLICAN,2000.0,46.82928,47.884371,-1.0550910000000044,,,,,,,,,,,,2003,5.991666666666667,2.2979985174202966,2.795612971349559,0,FL_2004
2008,FL,12,FLORIDA,8390744,4282074,4045624,63046,51.03330527066491,48.215319165976226,2.8179861046886856,DEMOCRAT,47.09111002771423,52.09751623233695,-5.006406204622721,REPUBLICAN,2004.0,47.856284,45.731926,2.124358000000001,2006.0,acs1,18089889.0,39.8,45495.0,25.315723251461947,5.4527366115488025,76.10465713747608,15.359679653092398,20.138260660416435,12.589335414794336,2007,4.616666666666666,2.870550295613361,2.003864445323078,1,FL_2008
2012,FL,12,FLORIDA,8474179,4237756,4163447,72976,50.007865068698685,49.13097776197552,0.8768873067231624,DEMOCRAT,51.03330527066491,48.215319165976226,2.8179861046886856,DEMOCRAT,2008.0,47.261394,49.191583,-1.9301889999999986,2010.0,acs5,18511620.0,40.3,47661.0,25.90936007908999,8.883334843325777,76.25063608695511,15.66806146625741,21.582789620789537,13.819838892577138,2011,8.933333333333334,3.1396522774534974,1.5644068087848906,1,FL_2012
2016,FL,12,FLORIDA,9420039,4504975,4617886,297178,47.82331580580505,49.021941416590735,-1.1986256107856832,REPUBLICAN,50.007865068698685,49.13097776197552,0.8768873067231624,DEMOCRAT,2012.0,45.83665,44.12976,1.7068900000000014,2014.0,acs5,19361792.0,41.2,47212.0,26.762535913914558,10.949923973774158,76.16648293711657,16.08756565507986,23.330438628821135,16.67488202788789,2015,5.2749999999999995,0.12113723253701636,2.945549046689311,0,FL_2016
2020,FL,12,FLORIDA,11067456,5297045,5668731,101680,47.86145072544223,51.21981962250403,-3.3583688970618013,REPUBLICAN,47.82331580580505,49.021941416590735,-1.1986256107856832,REPUBLICAN,2016.0,,,,2018.0,acs5,20598139.0,41.9,53267.0,29.165497527120916,6.307418008263718,75.3907816623628,16.10036712539905,25.17081761609629,14.78724629487638,2019,3.6750000000000003,1.813258621914171,2.5838316161415076,0,FL_2020
2024,FL,12,FLORIDA,10893752,4683038,6110125,100589,42.98829273881029,56.08834311631108,-13.100050377500793,REPUBLICAN,47.86145072544223,51.21981962250403,-3.3583688970618013,REPUBLICAN,2020.0,,,,2022.0,acs5,21634529.0,42.4,67917.0,32.33321867666608,5.03897776665786,63.821172164182535,15.510890022149315,26.523725106287273,12.873944935928622,2023,3.625,4.126962791295052,2.918555239317744,0,FL_2024
2000,GA,13,GEORGIA,2583208,1116230,1419720,47258,43.21099965624139,54.95956965137921,-11.74856999513782,REPUBLICAN,45.84146584952188,47.015680114698384,-1.1742142651765022,REPUBLICAN,1996.0,39.294608,50.100034,-10.805426000000004,,,,,,,,,,,,1999,4.216666666666667,2.193139410050615,4.788427076368618,0,GA_2000
2004,GA,13,GEORGIA,3301875,1366149,1914254,21472,41.374946053378764,57.974756766988456,-16.599810713609692,REPUBLICAN,43.21099965624139,54.95956965137921,-11.74856999513782,REPUBLICAN,2000.0,41.55052,54.19739,-12.64687,,,,,,,,,,,,2003,5.991666666666667,2.2979985174202966,2.795612971349559,0,GA_2004
2008,GA,13,GEORGIA,3924486,1844123,2048759,31604,46.99017909606506,52.204517992929524,-5.2143388968644615,REPUBLICAN,41.374946053378764,57.974756766988456,-16.599810713609692,REPUBLICAN,2004.0,45.051475,49.494029,-4.442553999999994,2006.0,acs1,9363941.0,34.6,46832.0,26.584425920495956,6.948013559345152,62.11607911668815,29.841067986225028,7.4343270637864975,14.681997618553483,2007,4.616666666666666,2.870550295613361,2.003864445323078,0,GA_2008
2012,GA,13,GEORGIA,3897839,1773827,2078688,45324,45.50795966688209,53.32924217752451,-7.821282510642426,REPUBLICAN,46.99017909606506,52.204517992929524,-5.2143388968644615,REPUBLICAN,2008.0,43.581451,53.206023,-9.624572,2010.0,acs5,9468815.0,35.0,49347.0,27.213060582478715,8.849554330672916,61.12966617258865,30.342434612990115,8.287330568819858,15.706512900398739,2011,8.933333333333334,3.1396522774534974,1.5644068087848906,0,GA_2012
2016,GA,13,GEORGIA,4114732,1877963,2089104,147665,45.63998335736082,50.771326054771,-5.131342697410183,REPUBLICAN,45.50795966688209,53.32924217752451,-7.821282510642426,REPUBLICAN,2012.0,43.31623,47.19284,-3.8766099999999994,2014.0,acs5,9907756.0,35.8,49342.0,28.311625953760256,10.775091739264406,60.44995456085112,30.8518498033258,9.050656879317577,18.484079449495706,2015,5.2749999999999995,0.12113723253701636,2.945549046689311,0,GA_2016
2020,GA,13,GEORGIA,4999960,2473633,2461854,64473,49.473055784446274,49.2374738997912,0.23558188465507612,DEMOCRAT,45.63998335736082,50.771326054771,-5.131342697410183,REPUBLICAN,2016.0,,,,2018.0,acs5,10297484.0,36.5,55679.0,30.650579742540646,6.400856159664736,59.043315823554565,31.457198671054016,9.40485073829685,16.0375449053831,2019,3.6750000000000003,1.813258621914171,2.5838316161415076,1,GA_2020
2024,GA,13,GEORGIA,5250905,2548017,2663117,39771,48.52529230675474,50.71729539955493,-2.192003092800185,REPUBLICAN,49.473055784446274,49.2374738997912,0.23558188465507612,DEMOCRAT,2020.0,,,,2022.0,acs5,10722325.0,37.2,71355.0,33.63367520555638,5.245745428703817,54.27944965294375,31.466570916289143,10.058051775151377,13.530059460373927,2023,3.625,4.126962791295052,2.918555239317744,0,GA_2024
2000,HI,15,HAWAII,367951,205286,137845,24820,55.791667912303545,37.46286869719066,18.328799215112888,DEMOCRAT,56.92880151060757,31.64028657114295,25.28851493946462,DEMOCRAT,1996.0,51.167153,32.139913,19.02724,,,,,,,,,,,,1999,4.216666666666667,2.193139410050615,4.788427076368618,1,HI_2000
2004,HI,15,HAWAII,429013,231708,194191,3114,54.00955215809311,45.26459571155186,8.744956446541245,DEMOCRAT,55.791667912303545,37.46286869719066,18.328799215112888,DEMOCRAT,2000.0,45.79578,43.346412,2.4493679999999998,,,,,,,,,,,,2003,5.991666666666667,2.2979985174202966,2.795612971349559,1,HI_2004
2008,HI,15,HAWAII,456064,325871,120566,9627,71.45291011787819,26.43620193657031,45.01670818130788,DEMOCRAT,54.00955215809311,45.26459571155186,8.744956446541245,DEMOCRAT,2004.0,63.899223,29.761393,34.137829999999994,2006.0,acs1,1285498.0,37.2,61160.0,29.672927247256432,4.378666708441361,26.254961112347118,2.182967223597392,,9.276050081581833,2007,4.616666666666666,2.870550295613361,2.003864445323078,1,HI_2008
2012,HI,15,HAWAII,437159,306658,121015,9486,70.14793244563191,27.68214768539593,42.46578476023598,DEMOCRAT,71.45291011787819,26.43620193657031,45.01670818130788,DEMOCRAT,2008.0,61.422579,33.202764,28.219814999999997,2010.0,acs5,1333591.0,38.2,66420.0,29.441475531361682,5.63628572995942,25.03331231239563,1.5874432265964602,8.655802266212055,9.594678032023577,2011,8.933333333333334,3.1396522774534974,1.5644068087848906,1,HI_2012
2016,HI,15,HAWAII,437664,266891,128847,41926,60.98079805512905,29.439707172625575,31.541090882503475,DEMOCRAT,70.14793244563191,27.68214768539593,42.46578476023598,DEMOCRAT,2012.0,50.88989,30.18383,20.70606,2014.0,acs5,1392704.0,38.2,68201.0,30.47126662831554,6.689975948752341,25.176491199852947,1.9324278525803045,9.584592275171177,11.343871622244766,2015,5.2749999999999995,0.12113723253701636,2.945549046689311,1,HI_2016
2020,HI,15,HAWAII,579784,366130,196864,16790,63.14937976901742,33.95471416941482,29.1946655996026,DEMOCRAT,60.98079805512905,29.439707172625575,31.541090882503475,DEMOCRAT,2016.0,,,,2018.0,acs5,1422029.0,38.9,78084.0,32.47740970712296,4.51540701525902,25.007366235147106,1.8470790680077551,10.404991740674769,9.938812945116672,2019,3.6750000000000003,1.813258621914171,2.5838316161415076,1,HI_2020
2024,HI,15,HAWAII,522236,313044,193661,15531,59.94301426941077,37.0830429154635,22.859971353947266,DEMOCRAT,63.14937976901742,33.95471416941482,29.1946655996026,DEMOCRAT,2020.0,,,,2022.0,acs5,1450589.0,39.9,94814.0,34.716179198829565,5.051168521373196,22.97659778200441,1.976093848774532,10.962650344101602,9.60960982189058,2023,3.625,4.126962791295052,2.918555239317744,1,HI_2024
2000,IA,19,IOWA,1353022,638517,634373,80132,47.19191557860848,46.88563822317745,0.3062773554310283,DEMOCRAT,50.26096469015254,39.920102100763735,10.340862589388806,DEMOCRAT,1996.0,43.790187,43.30585,0.48433700000000357,,,,,,,,,,,,1999,4.216666666666667,2.193139410050615,4.788427076368618,1,IA_2000
2004,IA,19,IOWA,1506908,741898,751957,13053,49.23313168421695,49.90065750530225,-0.6675258210852988,REPUBLICAN,47.19191557860848,46.88563822317745,0.3062773554310283,DEMOCRAT,2000.0,45.888164,47.603613,-1.7154489999999996,,,,,,,,,,,,2003,5.991666666666667,2.2979985174202966,2.795612971349559,0,IA_2004
2008,IA,19,IOWA,1537123,828940,682379,25804,53.92802007386527,44.39325935530208,9.534760718563192,DEMOCRAT,49.23313168421695,49.90065750530225,-0.6675258210852988,REPUBLICAN,2004.0,52.812662,39.594411,13.218251000000002,2006.0,acs1,2982085.0,37.8,44491.0,24.02232347315046,4.894630968326505,92.97303732120312,2.256709651133351,3.7888591371473317,10.982567386442042,2007,4.616666666666666,2.870550295613361,2.003864445323078,1,IA_2008
2012,IA,19,IOWA,1582180,822544,730617,29019,51.98801653414908,46.17786851053609,5.810148023612989,DEMOCRAT,53.92802007386527,44.39325935530208,9.534760718563192,DEMOCRAT,2008.0,48.901083,46.972716,1.9283670000000015,2010.0,acs5,3016267.0,38.0,48872.0,24.516023076938577,5.273337109569589,91.94842499022798,2.7412029505345514,4.5397837790885225,11.59923765161584,2011,8.933333333333334,3.1396522774534974,1.5644068087848906,1,IA_2012
2016,IA,19,IOWA,1565580,653669,800983,110928,41.752513445496234,51.16206134467737,-9.409547899181135,REPUBLICAN,51.98801653414908,46.17786851053609,5.810148023612989,DEMOCRAT,2012.0,41.47286,42.77111,-1.298250000000003,2014.0,acs5,3078116.0,38.0,52716.0,26.35214733915923,5.412777724640507,91.39022051150769,3.10956442187364,5.299020569725118,12.553286504781347,2015,5.2749999999999995,0.12113723253701636,2.945549046689311,0,IA_2016
2020,IA,19,IOWA,1700130,759061,897672,43397,44.64723285866375,52.80019763194579,-8.152964773282044,REPUBLICAN,41.752513445496234,51.16206134467737,-9.409547899181135,REPUBLICAN,2016.0,,,,2018.0,acs5,3132499.0,38.1,58580.0,28.20335422819456,3.8941969801104324,90.27581493242296,3.5087321655968604,5.851430439403173,11.668886269654706,2019,3.6750000000000003,1.813258621914171,2.5838316161415076,0,IA_2020
2024,IA,19,IOWA,1663506,707278,927019,29209,42.5173098263547,55.72682034209675,-13.209510515742053,REPUBLICAN,44.64723285866375,52.80019763194579,-8.152964773282044,REPUBLICAN,2020.0,,,,2022.0,acs5,3188836.0,38.4,70571.0,30.28004853599049,3.8232900683103948,86.85360426186858,3.7825400867275705,6.542732206987126,11.108485305433897,2023,3.625,4.126962791295052,2.918555239317744,0,IA_2024
2000,ID,16,IDAHO,501615,138637,336937,26041,27.638128843834416,67.17043948047807,-39.53231063664365,REPUBLICAN,33.646389850949035,52.184108144824904,-18.53771829387587,REPUBLICAN,1996.0,27.673709,57.695523,-30.021814000000003,,,,,,,,,,,,1999,4.216666666666667,2.193139410050615,4.788427076368618,0,ID_2000
2004,ID,16,IDAHO,598376,181098,409235,8043,30.264917042127358,68.39094482399027,-38.12602778186291,REPUBLICAN,27.638128843834416,67.17043948047807,-39.53231063664365,REPUBLICAN,2000.0,27.83634,57.598474,-29.762134000000003,,,,,,,,,,,,2003,5.991666666666667,2.2979985174202966,2.795612971349559,0,ID_2004
2008,ID,16,IDAHO,655122,236440,403012,15670,36.09098763283785,61.51709147303861,-25.42610384020076,REPUBLICAN,30.264917042127358,68.39094482399027,-38.12602778186291,REPUBLICAN,2004.0,30.630367,59.570061,-28.939694000000003,2006.0,acs1,1466465.0,34.3,42865.0,23.321943031082363,5.264616237184816,92.5442475613124,0.46656415257097855,,12.58651715533549,2007,4.616666666666666,2.870550295613361,2.003864445323078,0,ID_2008
2012,ID,16,IDAHO,652274,212787,420911,18576,32.62233355920978,64.52978349589283,-31.90744993668305,REPUBLICAN,36.09098763283785,61.51709147303861,-25.42610384020076,REPUBLICAN,2008.0,27.067773,62.825236,-35.757463,2010.0,acs5,1526797.0,34.4,46423.0,24.289283352403345,6.997125672007239,92.1768905754989,0.5681174380091132,10.567023644924637,13.576077739861725,2011,8.933333333333334,3.1396522774534974,1.5644068087848906,0,ID_2012
2016,ID,16,IDAHO,690255,189765,409055,91435,27.492013820979206,59.26143236919689,-31.769418548217683,REPUBLICAN,32.62233355920978,64.52978349589283,-31.90744993668305,REPUBLICAN,2012.0,27.595,48.00999,-20.414990000000003,2014.0,acs5,1599464.0,35.2,47334.0,25.417755224833012,8.080658924504114,91.8265118814803,0.5835704961161989,11.652278513301956,15.596907627321272,2015,5.2749999999999995,0.12113723253701636,2.945549046689311,0,ID_2016
2020,ID,16,IDAHO,868014,287021,554119,26874,33.06640215480395,63.837564831903634,-30.77116267709968,REPUBLICAN,27.492013820979206,59.26143236919689,-31.769418548217683,REPUBLICAN,2016.0,,,,2018.0,acs5,1687809.0,36.1,53089.0,26.923543009696438,4.671783405446363,90.48784548488604,0.683489660263691,12.387242869305709,13.81619573819238,2019,3.6750000000000003,1.813258621914171,2.5838316161415076,0,ID_2020
2024,ID,16,IDAHO,917466,274972,605246,37248,29.97081090743417,65.96931112433595,-35.998500216901775,REPUBLICAN,33.06640215480395,63.837564831903634,-30.77116267709968,REPUBLICAN,2020.0,,,,2022.0,acs5,1854109.0,36.9,70214.0,30.209041356236433,3.763041018403137,84.93885742423988,0.6893337986062309,13.064819813721847,11.01173363290602,2023,3.625,4.126962791295052,2.918555239317744,0,ID_2024
2000,IL,17,ILLINOIS,4742108,2589026,2019421,133661,54.59652120955491,42.58487997321023,12.01164123634468,DEMOCRAT,54.31527783028726,36.80995298269166,17.505324847595595,DEMOCRAT,1996.0,44.632958,40.779384,3.853574000000002,,,,,,,,,,,,1999,4.216666666666667,2.193139410050615,4.788427076368618,1,IL_2000
2004,IL,17,ILLINOIS,5274322,2891550,2345946,36826,54.82316020902781,44.47862682634849,10.344533382679323,DEMOCRAT,54.59652120955491,42.58487997321023,12.01164123634468,DEMOCRAT,2000.0,51.746918,42.909619,8.837299000000002,,,,,,,,,,,,2003,5.991666666666667,2.2979985174202966,2.795612971349559,1,IL_2004
2008,IL,17,ILLINOIS,5522371,3419348,2031179,71844,61.91811452001323,36.7809225421472,25.13719197786603,DEMOCRAT,54.82316020902781,44.47862682634849,10.344533382679323,DEMOCRAT,2004.0,56.282828,35.750374,20.532454,2006.0,acs1,12831970.0,35.7,52006.0,28.89414409815845,7.236097864859045,70.71909457394305,14.793878102894567,14.71667249845503,12.296079408439436,2007,4.616666666666666,2.870550295613361,2.003864445323078,1,IL_2008
2012,IL,17,ILLINOIS,5242014,3019512,2135216,87286,57.60213536247709,40.7327412708169,16.86939409166019,DEMOCRAT,61.91811452001323,36.7809225421472,25.13719197786603,DEMOCRAT,2008.0,55.514422,38.640201,16.874221000000006,2010.0,acs5,12745359.0,36.2,55735.0,30.276652885184753,8.590065543003398,71.68632911791657,14.595940373276264,15.220661889555249,12.637061101620652,2011,8.933333333333334,3.1396522774534974,1.5644068087848906,1,IL_2012
2016,IL,17,ILLINOIS,5536424,3090729,2146015,299680,55.8253666987933,38.761753073825275,17.063613624968028,DEMOCRAT,57.60213536247709,40.7327412708169,16.86939409166019,DEMOCRAT,2012.0,50.88433,35.37558,15.50875,2014.0,acs5,12868747.0,37.0,57166.0,31.889684722544274,9.991073762771592,72.51192365503806,14.368562844541119,16.28359777373819,14.407528040235748,2015,5.2749999999999995,0.12113723253701636,2.945549046689311,1,IL_2016
2020,IL,17,ILLINOIS,6033743,3471915,2446891,114937,57.54164537667581,40.55345081817372,16.988194558502087,DEMOCRAT,55.8253666987933,38.761753073825275,17.063613624968028,DEMOCRAT,2016.0,,,,2018.0,acs5,12821497.0,37.9,63575.0,34.066737515437936,6.560591964434588,71.67014116994295,14.227082843758415,16.962465459376546,13.060496995875603,2019,3.6750000000000003,1.813258621914171,2.5838316161415076,1,IL_2020
2024,IL,17,ILLINOIS,5633310,3062863,2449079,121368,54.37057431598829,43.474955221708015,10.895619094280278,DEMOCRAT,57.54164537667581,40.55345081817372,16.988194558502087,DEMOCRAT,2020.0,,,,2022.0,acs5,12757634.0,38.7,78433.0,36.67159211270079,5.955906641825619,65.75403401602523,13.910141958924358,17.837978421390673,11.763222409065586,2023,3.625,4.126962791295052,2.918555239317744,1,IL_2024
2000,IN,18,INDIANA,2199302,901980,1245836,51486,41.012102930838964,56.6468816015263,-15.63477867068734,REPUBLICAN,41.557137645749265,47.142380156511734,-5.58524251076247,REPUBLICAN,1996.0,33.03378,50.274988,-17.241208,,,,,,,,,,,,1999,4.216666666666667,2.193139410050615,4.788427076368618,0,IN_2000
2004,IN,18,INDIANA,2468002,969011,1479438,19553,39.26297466533658,59.944765036657174,-20.681790371320595,REPUBLICAN,41.012102930838964,56.6468816015263,-15.63477867068734,REPUBLICAN,2000.0,36.954209,57.269032,-20.314823000000004,,,,,,,,,,,,2003,5.991666666666667,2.2979985174202966,2.795612971349559,0,IN_2004
2008,IN,18,INDIANA,2751054,1374039,1345648,31367,49.94591163968428,48.91390717884854,1.0320044608357435,DEMOCRAT,39.26297466533658,59.944765036657174,-20.681790371320595,REPUBLICAN,2004.0,46.618303,46.716804,-0.09850100000000594,2006.0,acs1,6313520.0,36.3,45394.0,21.68675138429592,6.8750918049451455,85.96727340691088,8.740987594875758,4.742172353932514,12.696184200065396,2007,4.616666666666666,2.870550295613361,2.003864445323078,1,IN_2008
2012,IN,18,INDIANA,2624534,1152887,1420543,51104,43.92730290405839,54.12553238022445,-10.198229476166055,REPUBLICAN,49.94591163968428,48.91390717884854,1.0320044608357435,DEMOCRAT,2008.0,40.848069,53.552822,-12.704752999999997,2010.0,acs5,6417398.0,36.6,47697.0,22.42865822758069,8.394104743147585,85.1008150032147,8.918754922166274,5.63268789001399,13.546092551835661,2011,8.933333333333334,3.1396522774534974,1.5644068087848906,0,IN_2012
2016,IN,18,INDIANA,2734958,1033126,1557286,144546,37.774839686752046,56.94003344841128,-19.165193761659232,REPUBLICAN,43.92730290405839,54.12553238022445,-10.198229476166055,REPUBLICAN,2012.0,38.26821,48.18987,-9.921659999999996,2014.0,acs5,6542411.0,37.2,48737.0,23.620306734029583,8.841731337922596,84.36206468838475,9.14682675851456,6.290280448599147,15.51085131796184,2015,5.2749999999999995,0.12113723253701636,2.945549046689311,0,IN_2016
2020,IN,18,INDIANA,3033118,1242416,1729519,61183,40.96167705971215,57.02115776570512,-16.059480705992968,REPUBLICAN,37.774839686752046,56.94003344841128,-19.165193761659232,REPUBLICAN,2016.0,,,,2018.0,acs5,6637426.0,37.6,54325.0,25.908089317391752,5.409515143707014,83.5907925753146,9.333015539457614,6.783759246430771,14.114285501190071,2019,3.6750000000000003,1.813258621914171,2.5838316161415076,0,IN_2020
2024,IN,18,INDIANA,2936677,1163603,1720347,52727,39.62311823874399,58.58141702339073,-18.958298784646736,REPUBLICAN,40.96167705971215,57.02115776570512,-16.059480705992968,REPUBLICAN,2020.0,,,,2022.0,acs5,6784403.0,38.0,67173.0,28.23526712062931,4.492525533836474,79.9809062050117,9.444486125013505,7.531745976764646,12.30361800145239,2023,3.625,4.126962791295052,2.918555239317744,0,IN_2024
2000,KS,20,KANSAS,1072216,399276,622332,50608,37.23839226424526,58.0416632469577,-20.803270982712434,REPUBLICAN,36.084799404263244,54.2907009215303,-18.20590151726706,REPUBLICAN,1996.0,31.623426,55.226233,-23.602807000000002,,,,,,,,,,,,1999,4.216666666666667,2.193139410050615,4.788427076368618,0,KS_2000
2004,KS,20,KANSAS,1187756,434993,736456,16307,36.62309430556444,62.003980615547306,-25.380886309982863,REPUBLICAN,37.23839226424526,58.0416632469577,-20.803270982712434,REPUBLICAN,2000.0,34.484529,58.563445,-24.078916,,,,,,,,,,,,2003,5.991666666666667,2.2979985174202966,2.795612971349559,0,KS_2004
2008,KS,20,KANSAS,1235872,514765,699655,21452,41.651967194013615,56.612254343491884,-14.960287149478269,REPUBLICAN,36.62309430556444,62.003980615547306,-25.380886309982863,REPUBLICAN,2004.0,38.187818,54.414854,-16.227036,2006.0,acs1,2764075.0,36.3,45478.0,28.56059643684878,5.292641339280193,85.41906424391523,5.5555656051301066,8.550817181154635,12.350076549907069,2007,4.616666666666666,2.870550295613361,2.003864445323078,0,KS_2008
2012,KS,20,KANSAS,1159971,440726,692634,26611,37.99457055391902,59.711320369216125,-21.716749815297106,REPUBLICAN,41.651967194013615,56.612254343491884,-14.960287149478269,REPUBLICAN,2008.0,33.992186,55.537903,-21.545717000000003,2010.0,acs5,2809329.0,36.1,49424.0,29.3465985987052,6.008582530650205,85.13726943337716,5.758243338533863,9.828254362518594,12.431935563771134,2011,8.933333333333334,3.1396522774534974,1.5644068087848906,0,KS_2012
2016,KS,20,KANSAS,1184402,427005,671018,86379,36.05237073223449,56.65458180583958,-20.602211073605083,REPUBLICAN,37.99457055391902,59.711320369216125,-21.716749815297106,REPUBLICAN,2012.0,36.70746,46.60982,-9.902360000000002,2014.0,acs5,2882946.0,36.0,51872.0,30.71522868648806,6.57483250961379,85.25359129168567,5.800316759314951,10.965900852808204,13.79013991886556,2015,5.2749999999999995,0.12113723253701636,2.945549046689311,0,KS_2016
2020,KS,20,KANSAS,1372303,570323,771406,30574,41.55955353883217,56.212512834264736,-14.652959295432566,REPUBLICAN,36.05237073223449,56.65458180583958,-20.602211073605083,REPUBLICAN,2016.0,,,,2018.0,acs5,2908776.0,36.5,57422.0,32.88564001741723,4.354159943977966,84.59293531024733,5.837541288844517,11.70994260128659,12.39914719580267,2019,3.6750000000000003,1.813258621914171,2.5838316161415076,0,KS_2020
2024,KS,20,KANSAS,1327591,544853,758802,23936,41.04072715166041,57.15630792917396,-16.11558077751355,REPUBLICAN,41.55955353883217,56.212512834264736,-14.652959295432566,REPUBLICAN,2020.0,,,,2022.0,acs5,2935922.0,37.1,69747.0,34.68767518634637,4.006327031409191,79.7525615462536,5.571707967718488,12.601492818950913,11.581155861637013,2023,3.625,4.126962791295052,2.918555239317744,0,KS_2024
2000,KY,21,KENTUCKY,1544106,638923,872520,32663,41.37818258591055,56.5064833631888,-15.128300777278248,REPUBLICAN,45.84217848532593,44.88222146052302,0.959957024802911,DEMOCRAT,1996.0,40.398806,49.142448,-8.743642000000001,,,,,,,,,,,,1999,4.216666666666667,2.193139410050615,4.788427076368618,0,KY_2000
2004,KY,21,KENTUCKY,1795882,712733,1069439,13710,39.68707298140969,59.54951383220055,-19.86244085079086,REPUBLICAN,41.37818258591055,56.5064833631888,-15.128300777278248,REPUBLICAN,2000.0,38.186469,57.108611,-18.922142,,,,,,,,,,,,2003,5.991666666666667,2.2979985174202966,2.795612971349559,0,KY_2004
2008,KY,21,KENTUCKY,1826620,751985,1048462,26173,41.16811378392879,57.39902114287592,-16.230907358947128,REPUBLICAN,39.68707298140969,59.54951383220055,-19.86244085079086,REPUBLICAN,2004.0,41.075569,52.807855,-11.732286000000002,2006.0,acs1,4206074.0,37.3,39372.0,19.994332992507037,6.905304179080218,89.45565389481973,7.3737647031412195,1.9736932826193736,16.965955012802528,2007,4.616666666666666,2.870550295613361,2.003864445323078,0,KY_2008
2012,KY,21,KENTUCKY,1797212,679370,1087190,30652,37.8013278344458,60.49314159932162,-22.691813764875818,REPUBLICAN,41.16811378392879,57.39902114287592,-16.230907358947128,REPUBLICAN,2008.0,38.720478,54.365521,-15.645043000000001,2010.0,acs5,4285828.0,37.7,41576.0,20.342114726150307,8.209734462492662,88.48964540807516,7.717621892432454,2.7380473504769673,17.699503761898082,2011,8.933333333333334,3.1396522774534974,1.5644068087848906,0,KY_2012
2016,KY,21,KENTUCKY,1924149,628854,1202971,92324,32.68218833364776,62.519638551900094,-29.837450218252336,REPUBLICAN,37.8013278344458,60.49314159932162,-22.691813764875818,REPUBLICAN,2012.0,31.97461,52.89087,-20.91626,2014.0,acs5,4383272.0,38.3,43342.0,21.771950897180638,9.345920738691978,87.73206408363433,7.871631055521994,3.1856567422692454,18.922361367655682,2015,5.2749999999999995,0.12113723253701636,2.945549046689311,0,KY_2016
2020,KY,21,KENTUCKY,2136768,772474,1326646,37648,36.15151481115404,62.08657186929044,-25.9350570581364,REPUBLICAN,32.68218833364776,62.519638551900094,-29.837450218252336,REPUBLICAN,2016.0,,,,2018.0,acs5,4440204.0,38.7,48392.0,23.621905962841595,6.148002682249257,87.08329617287855,7.975129070646305,3.575151051618349,17.945687379933826,2019,3.6750000000000003,1.813258621914171,2.5838316161415076,0,KY_2020
2024,KY,21,KENTUCKY,2074530,704043,1337494,32993,33.937470173967114,64.47214549801642,-30.534675324049303,REPUBLICAN,36.15151481115404,62.08657186929044,-25.9350570581364,REPUBLICAN,2020.0,,,,2022.0,acs5,4502935.0,39.1,60183.0,26.47245337547508,5.087176199674407,84.76686872006813,7.998871846917622,4.008074733479386,16.11704673650374,2023,3.625,4.126962791295052,2.918555239317744,0,KY_2024
2000,LA,22,LOUISIANA,1765656,792344,927871,45441,44.87533245433992,52.551063174253656,-7.675730719913737,REPUBLICAN,52.00999574541791,39.94407943231879,12.065916313099123,DEMOCRAT,1996.0,39.221744,46.801899,-7.580154999999998,,,,,,,,,,,,1999,4.216666666666667,2.193139410050615,4.788427076368618,0,LA_2000
2004,LA,22,LOUISIANA,1943106,820299,1102169,20638,42.21586470321228,56.72202134108999,-14.506156637877709,REPUBLICAN,44.87533245433992,52.551063174253656,-7.675730719913737,REPUBLICAN,2000.0,35.991799,52.140992,-16.149192999999997,,,,,,,,,,,,2003,5.991666666666667,2.2979985174202966,2.795612971349559,0,LA_2004
2008,LA,22,LOUISIANA,1960761,782989,1148275,29497,39.93291380234511,58.56272131075638,-18.629807508411268,REPUBLICAN,42.21586470321228,56.72202134108999,-14.506156637877709,REPUBLICAN,2004.0,40.215287,51.855879,-11.640592000000005,2006.0,acs1,4287768.0,35.6,39337.0,20.261815793496332,7.822958442428877,64.37458836392268,31.64772441046251,2.8751788809469168,19.043488573758008,2007,4.616666666666666,2.870550295613361,2.003864445323078,0,LA_2008
2012,LA,22,LOUISIANA,1994065,809141,1152262,32662,40.57746362330215,57.78457572847425,-17.2071121051721,REPUBLICAN,39.93291380234511,58.56272131075638,-18.629807508411268,REPUBLICAN,2008.0,36.770818,54.563928,-17.79311,2010.0,acs5,4429940.0,35.9,43445.0,20.930724321478138,7.746431631986864,63.63684383987142,31.731468146295434,3.899691643679147,18.13744414552089,2011,8.933333333333334,3.1396522774534974,1.5644068087848906,0,LA_2012
2016,LA,22,LOUISIANA,2029032,780154,1178638,70240,38.44956609851397,58.0886846535688,-19.63911855505483,REPUBLICAN,40.57746362330215,57.78457572847425,-17.2071121051721,REPUBLICAN,2012.0,36.83211,48.81089,-11.97878,2014.0,acs5,4601049.0,36.0,44991.0,22.121688784613404,8.65142920749215,62.8241516228147,32.1183495329,4.575565267833488,19.56343188436917,2015,5.2749999999999995,0.12113723253701636,2.945549046689311,0,LA_2016
2020,LA,22,LOUISIANA,2148062,856034,1255776,36252,39.85145680152621,58.46088241400853,-18.60942561248232,REPUBLICAN,38.44956609851397,58.0886846535688,-19.63911855505483,REPUBLICAN,2016.0,,,,2018.0,acs5,4663616.0,36.6,47942.0,23.7325290280607,6.870811773687335,62.207222893137,32.22640972155512,5.03729295036298,19.38375822392013,2019,3.6750000000000003,1.813258621914171,2.5838316161415076,0,LA_2020
2024,LA,22,LOUISIANA,2006975,766870,1208505,31600,38.21024178178602,60.21524931800346,-22.00500753621744,REPUBLICAN,39.85145680152621,58.46088241400853,-18.60942561248232,REPUBLICAN,2020.0,,,,2022.0,acs5,4640546.0,37.6,57852.0,26.13043414181842,6.576651646684492,59.44804770817916,31.56055343487598,5.507627766215441,18.654776592546447,2023,3.625,4.126962791295052,2.918555239317744,0,LA_2024
2000,MA,25,MASSACHUSETTS,2733964,1616487,878502,238975,59.12612602067912,32.13290299360197,26.993223027077157,DEMOCRAT,61.4720987115381,28.087992023341663,33.38410668819644,DEMOCRAT,1996.0,54.01015,28.43991,25.570240000000002,,,,,,,,,,,,1999,4.216666666666667,2.193139410050615,4.788427076368618,1,MA_2000
2004,MA,25,MASSACHUSETTS,2927455,1803800,1071109,52546,61.6166602048537,36.58840187124994,25.02825833360376,DEMOCRAT,59.12612602067912,32.13290299360197,26.993223027077157,DEMOCRAT,2000.0,57.656385,31.502369,26.154016,,,,,,,,,,,,2003,5.991666666666667,2.2979985174202966,2.795612971349559,1,MA_2004
2008,MA,25,MASSACHUSETTS,3102995,1904097,1108854,90044,61.36319910280229,35.734959289331755,25.628239813470536,DEMOCRAT,61.6166602048537,36.58840187124994,25.02825833360376,DEMOCRAT,2004.0,56.695456,35.936645,20.758811,2006.0,acs1,6437193.0,38.3,59963.0,37.020490564969634,5.751811685548266,82.79347846180781,6.108361206507246,7.930195661369793,9.945945737898573,2007,4.616666666666666,2.870550295613361,2.003864445323078,1,MA_2008
2012,MA,25,MASSACHUSETTS,3184196,1921290,1188314,74592,60.33830832021647,37.319122315334866,23.019186004881604,DEMOCRAT,61.36319910280229,35.734959289331755,25.628239813470536,DEMOCRAT,2008.0,57.052935,38.166117,18.886817999999998,2010.0,acs5,6477096.0,38.7,64509.0,38.29448304094261,7.355023419402706,81.65816903130663,6.519943505546314,9.031439398150034,10.528424095325118,2011,8.933333333333334,3.1396522774534974,1.5644068087848906,1,MA_2012
2016,MA,25,MASSACHUSETTS,3378821,1995196,1090893,292732,59.05006509667129,32.28620279085515,26.76386230581614,DEMOCRAT,60.33830832021647,37.319122315334866,23.019186004881604,DEMOCRAT,2012.0,55.25118,28.21574,27.035439999999998,2014.0,acs5,6657291.0,39.3,67846.0,39.97583169529345,8.43687535591575,80.01413788281148,6.996719836942685,10.241763504103996,11.561401892200836,2015,5.2749999999999995,0.12113723253701636,2.945549046689311,1,MA_2016
2020,MA,25,MASSACHUSETTS,3658005,2382202,1167202,108601,65.12298370286535,31.90815758863096,33.2148261142344,DEMOCRAT,59.05006509667129,32.28620279085515,26.76386230581614,DEMOCRAT,2016.0,,,,2018.0,acs5,6830193.0,39.4,77378.0,42.90987503145535,5.391601551890031,78.47517632371442,7.475015713318789,11.553509542116892,10.772055032180965,2019,3.6750000000000003,1.813258621914171,2.5838316161415076,1,MA_2020
2024,MA,25,MASSACHUSETTS,3512930,2126518,1251303,135109,60.53402715112456,35.61992410893471,24.91410304218985,DEMOCRAT,65.12298370286535,31.90815758863096,33.2148261142344,DEMOCRAT,2020.0,,,,2022.0,acs5,6984205.0,39.8,96505.0,45.909850224619376,5.316726707342516,72.67147799928553,7.141614543101184,12.58977936644185,9.928115917033702,2023,3.625,4.126962791295052,2.918555239317744,1,MA_2024
2000,MD,24,MARYLAND,2025212,1144008,813827,67377,56.488308384504926,40.18478065506228,16.303527729442642,DEMOCRAT,54.254774351861734,38.269497492798465,15.98527685906327,DEMOCRAT,1996.0,49.901637,39.492156,10.409481,,,,,,,,,,,,1999,4.216666666666667,2.193139410050615,4.788427076368618,1,MD_2000
2004,MD,24,MARYLAND,2384238,1334500,1024703,25035,55.971761208402846,42.97821777859425,12.993543429808597,DEMOCRAT,56.488308384504926,40.18478065506228,16.303527729442642,DEMOCRAT,2000.0,53.867254,41.277471,12.589783000000004,,,,,,,,,,,,2003,5.991666666666667,2.2979985174202966,2.795612971349559,1,MD_2004
2008,MD,24,MARYLAND,2631596,1629467,959862,42267,61.919344762645935,36.4745196451127,25.444825117533235,DEMOCRAT,55.971761208402846,42.97821777859425,12.993543429808597,DEMOCRAT,2004.0,54.03883,37.378845,16.659985,2006.0,acs1,5615727.0,37.3,65144.0,35.05293325213207,5.30079596069621,61.28319628073088,28.934063212118392,5.990141614790035,7.822382813092084,2007,4.616666666666666,2.870550295613361,2.003864445323078,1,MD_2008
2012,MD,24,MARYLAND,2707327,1677844,971869,57614,61.97419077931849,35.89773233894539,26.076458440373102,DEMOCRAT,61.919344762645935,36.4745196451127,25.444825117533235,DEMOCRAT,2008.0,56.799289,36.790934,20.008355,2010.0,acs5,5696423.0,37.6,70647.0,35.7019428585903,6.574573156134892,59.62015110184058,29.23299410875913,7.54764876133672,8.578767939839286,2011,8.933333333333334,3.1396522774534974,1.5644068087848906,1,MD_2012
2016,MD,24,MARYLAND,2781446,1678006,943428,160012,60.328548531950645,33.918616431884715,26.40993210006593,DEMOCRAT,61.97419077931849,35.89773233894539,26.076458440373102,DEMOCRAT,2012.0,60.71462,26.58757,34.12705,2014.0,acs5,5887776.0,38.1,74149.0,37.29438766251727,8.04144719735059,58.05818699624442,29.504434271955997,8.759232688200095,9.978576922943054,2015,5.2749999999999995,0.12113723253701636,2.945549046689311,1,MD_2016
2020,MD,24,MARYLAND,3037030,1985023,976414,75593,65.36066486007711,32.15029156774876,33.21037329232835,DEMOCRAT,60.328548531950645,33.918616431884715,26.40993210006593,DEMOCRAT,2016.0,,,,2018.0,acs5,6003435.0,38.6,81868.0,39.62627628948557,5.6022697531448555,56.18751598043453,29.784448403289115,9.80958401315247,9.442021135950734,2019,3.6750000000000003,1.813258621914171,2.5838316161415076,1,MD_2020
2024,MD,24,MARYLAND,3038334,1902577,1035550,100207,62.61908664419382,34.08282302077389,28.536263623419934,DEMOCRAT,65.36066486007711,32.15029156774876,33.21037329232835,DEMOCRAT,2020.0,,,,2022.0,acs5,6161707.0,39.1,98461.0,42.223142911132264,5.119565092240949,51.19112284956101,29.893112411868984,10.920756212523575,9.256502803961341,2023,3.625,4.126962791295052,2.918555239317744,1,MD_2024
2000,ME,23,MAINE,651817,319951,286616,45250,49.08601647394898,43.971850994987854,5.114165478961127,DEMOCRAT,51.62395588689167,30.76067384390416,20.86328204298751,DEMOCRAT,1996.0,42.26105,40.33465,1.926399999999994,,,,,,,,,,,,1999,4.216666666666667,2.193139410050615,4.788427076368618,1,ME_2000
2004,ME,23,MAINE,740752,396842,330201,13709,53.57285569259347,44.57645743784695,8.996398254746524,DEMOCRAT,49.08601647394898,43.971850994987854,5.114165478961127,DEMOCRAT,2000.0,50.055207,42.712147,7.343060000000001,,,,,,,,,,,,2003,5.991666666666667,2.2979985174202966,2.795612971349559,1,ME_2004
2008,ME,23,MAINE,731163,421923,295273,13967,57.705737297975965,40.38401833790823,17.321718960067734,DEMOCRAT,53.57285569259347,44.57645743784695,8.996398254746524,DEMOCRAT,2004.0,55.643881,36.917924,18.725957,2006.0,acs1,1321574.0,41.0,43439.0,25.80025733000624,5.281569224236569,95.76013147958419,1.03429698223482,,12.908846382114486,2007,4.616666666666666,2.870550295613361,2.003864445323078,1,ME_2008
2012,ME,23,MAINE,724758,401306,292276,31176,55.371034193482515,40.3273920398257,15.043642153656812,DEMOCRAT,57.705737297975965,40.38401833790823,17.321718960067734,DEMOCRAT,2008.0,51.120577,40.81455,10.306027,2010.0,acs5,1327665.0,42.0,46933.0,26.54974007345306,6.516290370505168,95.56665273242874,1.0471768104152779,1.283682254183096,12.566525385684695,2011,8.933333333333334,3.1396522774534974,1.5644068087848906,1,ME_2012
2016,ME,23,MAINE,771892,357735,335593,78564,46.345214097308954,43.476678084498865,2.8685360128100896,DEMOCRAT,55.371034193482515,40.3273920398257,15.043642153656812,DEMOCRAT,2012.0,46.42482,38.43713,7.9876899999999935,2014.0,acs5,1328535.0,43.5,48804.0,28.36409591554065,7.436040259518966,95.05334823696778,1.1189016473032325,1.399436221100686,13.908279183123074,2015,5.2749999999999995,0.12113723253701636,2.945549046689311,1,ME_2016
2020,ME,23,MAINE,828305,435072,360737,32496,52.525579345772385,43.551228110418265,8.97435123535412,DEMOCRAT,46.345214097308954,43.476678084498865,2.8685360128100896,DEMOCRAT,2016.0,,,,2018.0,acs5,1332813.0,44.6,55425.0,30.920542165127074,4.617639172286422,94.47814509612377,1.3415985588375863,1.607202210662711,12.470643567028274,2019,3.6750000000000003,1.813258621914171,2.5838316161415076,1,ME_2020
2024,ME,23,MAINE,842447,435652,377977,28818,51.71268934425548,44.86656133857679,6.846128005678693,DEMOCRAT,52.525579345772385,43.551228110418265,8.97435123535412,DEMOCRAT,2020.0,,,,2022.0,acs5,1366949.0,44.8,68251.0,34.12279402481806,4.038857964534666,92.27001153664109,1.5929635999587404,1.8945842163826154,10.943665595048795,2023,3.625,4.126962791295052,2.918555239317744,1,ME_2024
2000,MI,26,MICHIGAN,4232501,2170418,1953139,108944,51.27979887069135,46.14621473214064,5.1335841385507095,DEMOCRAT,51.69482057469723,38.48459433533809,13.210226239359145,DEMOCRAT,1996.0,43.954713,42.806808,1.1479050000000015,,,,,,,,,,,,1999,4.216666666666667,2.193139410050615,4.788427076368618,1,MI_2000
2004,MI,26,MICHIGAN,4839252,2479183,2313746,46323,51.23070672905647,47.812058557810175,3.4186481712462964,DEMOCRAT,51.27979887069135,46.14621473214064,5.1335841385507095,DEMOCRAT,2000.0,48.568574,45.03626,3.5323139999999995,,,,,,,,,,,,2003,5.991666666666667,2.2979985174202966,2.795612971349559,1,MI_2004
2008,MI,26,MICHIGAN,5001596,2872579,2048639,80378,57.43324730745945,40.959705661952704,16.47354164550675,DEMOCRAT,51.23070672905647,47.812058557810175,3.4186481712462964,DEMOCRAT,2004.0,53.46254,39.43671,14.02583,2006.0,acs1,10095643.0,37.3,47182.0,24.48476847607637,9.511423137346302,79.50503994644026,14.132918527329066,3.890490184726223,13.517657319536692,2007,4.616666666666666,2.870550295613361,2.003864445323078,1,MI_2008
2012,MI,26,MICHIGAN,4730961,2564569,2115256,51136,54.20820421051875,44.710916027420225,9.497288183098526,DEMOCRAT,57.43324730745945,40.959705661952704,16.47354164550675,DEMOCRAT,2008.0,49.104231,44.618237,4.485993999999998,2010.0,acs5,9952687.0,38.1,48432.0,25.014054740413634,11.513025538759303,79.32872801083768,14.08278990387219,4.25424812414979,14.845645298009568,2011,8.933333333333334,3.1396522774534974,1.5644068087848906,1,MI_2012
2016,MI,26,MICHIGAN,4799284,2268839,2279543,250902,47.27453095086684,47.49756421999615,-0.22303326912930999,REPUBLICAN,54.20820421051875,44.710916027420225,9.497288183098526,DEMOCRAT,2012.0,45.63994,39.21278,6.427160000000001,2014.0,acs5,9889024.0,39.3,49087.0,26.415556643867504,11.442043544559034,79.17486093673148,13.9872751850941,4.622387406482177,16.89501382164717,2015,5.2749999999999995,0.12113723253701636,2.945549046689311,0,MI_2016
2020,MI,26,MICHIGAN,5539302,2804040,2649852,85410,50.62081829082437,47.83729069113762,2.7835275996867495,DEMOCRAT,47.27453095086684,47.49756421999615,-0.22303326912930999,REPUBLICAN,2016.0,,,,2018.0,acs5,9957488.0,39.7,54938.0,28.60293124184628,6.525222609231232,78.51968287584178,13.812961662620129,5.000226964873068,14.9722742132817,2019,3.6750000000000003,1.813258621914171,2.5838316161415076,1,MI_2020
2024,MI,26,MICHIGAN,5664186,2736533,2816636,111017,48.31290850971349,49.72710995013229,-1.4142014404188004,REPUBLICAN,50.62081829082437,47.83729069113762,2.7835275996867495,DEMOCRAT,2020.0,,,,2022.0,acs5,10057921.0,39.9,68505.0,31.135980297585668,6.026933481676181,75.73220151560149,13.5568672690907,5.472572313900656,13.13491329111057,2023,3.625,4.126962791295052,2.918555239317744,0,MI_2024
2000,MN,27,MINNESOTA,2438685,1168266,1109659,160760,47.9055720603522,45.502350652093234,2.4032214082589647,DEMOCRAT,51.10075658200805,34.95542971194422,16.145326870063833,DEMOCRAT,1996.0,42.683769,40.968537,1.7152320000000003,,,,,,,,,,,,1999,4.216666666666667,2.193139410050615,4.788427076368618,1,MN_2000
2004,MN,27,MINNESOTA,2828387,1445014,1346695,36678,51.08968468600654,47.613533791521455,3.4761508944850874,DEMOCRAT,47.9055720603522,45.502350652093234,2.4032214082589647,DEMOCRAT,2000.0,48.32391,45.066233,3.257677000000001,,,,,,,,,,,,2003,5.991666666666667,2.2979985174202966,2.795612971349559,1,MN_2004
2008,MN,27,MINNESOTA,2910369,1573354,1275409,61606,54.060292698279845,43.822931044139075,10.23736165414077,DEMOCRAT,51.08968468600654,47.613533791521455,3.4761508944850874,DEMOCRAT,2004.0,52.803308,40.918247,11.885061,2006.0,acs1,5167101.0,36.8,54023.0,30.42629731880755,5.227568720904456,87.84339613257028,4.41938332538884,3.7765470425292635,9.760719592316788,2007,4.616666666666666,2.870550295613361,2.003864445323078,1,MN_2008
2012,MN,27,MINNESOTA,2936561,1546167,1320225,70169,52.65230315324626,44.958201106668646,7.694102046577612,DEMOCRAT,54.060292698279845,43.822931044139075,10.23736165414077,DEMOCRAT,2008.0,49.902458,44.752443,5.150015000000003,2010.0,acs5,5241914.0,37.1,57243.0,31.415743673063943,6.383764305703495,86.60626633706696,4.90593702987115,4.45860042724852,10.590388474232991,2011,8.933333333333334,3.1396522774534974,1.5644068087848906,1,MN_2012
2016,MN,27,MINNESOTA,2944782,1367705,1322949,254128,46.44503396176695,44.92519310427733,1.5198408574896263,DEMOCRAT,52.65230315324626,44.958201106668646,7.694102046577612,DEMOCRAT,2012.0,46.39641,38.43769,7.95872,2014.0,acs5,5383661.0,37.6,60828.0,33.17133563086306,6.456411572111503,85.17960176170082,5.396792257164781,4.908648594330141,11.51560038484124,2015,5.2749999999999995,0.12113723253701636,2.945549046689311,1,MN_2016
2020,MN,27,MINNESOTA,3277171,1717077,1484065,76029,52.39509930974001,45.28494240916937,7.110156900570644,DEMOCRAT,46.44503396176695,44.92519310427733,1.5198408574896263,DEMOCRAT,2016.0,,,,2018.0,acs5,5527358.0,37.9,68411.0,35.446579926586956,3.9079207362564885,83.33174728324093,6.190769622666019,5.296635390723742,10.130997029036386,2019,3.6750000000000003,1.813258621914171,2.5838316161415076,1,MN_2020
2024,MN,27,MINNESOTA,3253920,1656979,1519032,77909,50.922548802674925,46.683139106062846,4.2394096966120784,DEMOCRAT,52.39509930974001,45.28494240916937,7.110156900570644,DEMOCRAT,2020.0,,,,2022.0,acs5,5695292.0,38.5,84313.0,38.19541233824559,3.967585166204092,79.66613476534653,6.708734161479341,5.742444812311643,9.262296155444911,2023,3.625,4.126962791295052,2.918555239317744,1,MN_2024
2000,MO,29,MISSOURI,2359892,1111138,1189924,58830,47.08427334810237,50.42281595937441,-3.3385426112720396,REPUBLICAN,47.53957827961623,41.241389856190615,6.298188423425614,DEMOCRAT,1996.0,43.442568,46.308547,-2.865978999999996,,,,,,,,,,,,1999,4.216666666666667,2.193139410050615,4.788427076368618,0,MO_2000
2004,MO,29,MISSOURI,2731364,1259171,1455713,16480,46.10044651683188,53.29619193926551,-7.195745422433632,REPUBLICAN,47.08427334810237,50.42281595937441,-3.3385426112720396,REPUBLICAN,2000.0,45.338276,51.241857,-5.903581000000003,,,,,,,,,,,,2003,5.991666666666667,2.2979985174202966,2.795612971349559,0,MO_2004
2008,MO,29,MISSOURI,2925205,1441911,1445814,37480,49.292647865705135,49.42607441187882,-0.13342654617368765,REPUBLICAN,46.10044651683188,53.29619193926551,-7.195745422433632,REPUBLICAN,2004.0,47.143329,47.17848,-0.035150999999999044,2006.0,acs1,5842713.0,37.2,42841.0,24.25157984295744,6.29327519377252,83.96496627508489,11.322394237060763,2.7538234378447135,13.56217034482394,2007,4.616666666666666,2.870550295613361,2.003864445323078,0,MO_2008
2012,MO,29,MISSOURI,2757323,1223796,1482440,51087,44.38348354545333,53.76374113587708,-9.380257590423753,REPUBLICAN,49.292647865705135,49.42607441187882,-0.13342654617368765,REPUBLICAN,2008.0,42.242722,53.840065,-11.597343000000002,2010.0,acs5,5922314.0,37.6,46262.0,25.04949620731712,7.443876806209013,83.38331942548133,11.466160017857884,3.3546009211939793,13.971336509655172,2011,8.933333333333334,3.1396522774534974,1.5644068087848906,0,MO_2012
2016,MO,29,MISSOURI,2808605,1071068,1594511,143026,38.13523083523671,56.77234783816165,-18.63711700292494,REPUBLICAN,44.38348354545333,53.76374113587708,-9.380257590423753,REPUBLICAN,2012.0,38.89897,49.78054,-10.881570000000004,2014.0,acs5,6028076.0,38.1,47764.0,26.65824424847292,8.38793550885229,82.81106608476735,11.54287039513105,3.7555598170958695,15.60248985563065,2015,5.2749999999999995,0.12113723253701636,2.945549046689311,0,MO_2016
2020,MO,29,MISSOURI,3025962,1253014,1718736,54212,41.40878173618836,56.79965577888949,-15.390874042701128,REPUBLICAN,38.13523083523671,56.77234783816165,-18.63711700292494,REPUBLICAN,2016.0,,,,2018.0,acs5,6090062.0,38.5,53560.0,28.633439664781985,5.123368457569056,82.23794765964615,11.574529126304462,4.090352446329774,14.184917024845992,2019,3.6750000000000003,1.813258621914171,2.5838316161415076,0,MO_2020
2024,MO,29,MISSOURI,2995327,1200599,1751986,42742,40.08240168769554,58.49064225708912,-18.408240569393584,REPUBLICAN,41.40878173618836,56.79965577888949,-15.390874042701128,REPUBLICAN,2020.0,,,,2022.0,acs5,6154422.0,38.8,65920.0,31.19323646992731,4.296559338782588,79.3602551141277,11.274689970885975,4.550841654992134,12.820297552948102,2023,3.625,4.126962791295052,2.918555239317744,0,MO_2024
2000,MS,28,MISSISSIPPI,994184,404614,572844,16726,40.69810015047516,57.61951509982056,-16.921414949345397,REPUBLICAN,44.08110022072882,49.20675231049262,-5.125652089763797,REPUBLICAN,1996.0,39.231049,48.463523,-9.232474000000003,,,,,,,,,,,,1999,4.216666666666667,2.193139410050615,4.788427076368618,0,MS_2000
2004,MS,28,MISSISSIPPI,1139824,457766,672660,9398,40.16111259282135,59.01437414899142,-18.853261556170075,REPUBLICAN,40.69810015047516,57.61951509982056,-16.921414949345397,REPUBLICAN,2000.0,37.823531,54.264948,-16.441416999999994,,,,,,,,,,,,2003,5.991666666666667,2.2979985174202966,2.795612971349559,0,MS_2004
2008,MS,28,MISSISSIPPI,1289865,554662,724597,10606,43.0015544262384,56.1761889810174,-13.174634554778997,REPUBLICAN,40.16111259282135,59.01437414899142,-18.853261556170075,REPUBLICAN,2004.0,40.09713,51.048297,-10.951166999999998,2006.0,acs1,2910540.0,35.4,34473.0,18.77291836306492,8.920617574830912,60.1021116356415,37.35093831385241,,21.0534111191028,2007,4.616666666666666,2.870550295613361,2.003864445323078,0,MS_2008
2012,MS,28,MISSISSIPPI,1285584,562949,710746,11889,43.78935954398935,55.285846743581125,-11.496487199591776,REPUBLICAN,43.0015544262384,56.1761889810174,-13.174634554778997,REPUBLICAN,2008.0,,,,2010.0,acs5,2941991.0,35.8,37881.0,19.457308206502944,9.59771148879608,59.88835451909949,36.99093573025886,2.3736986279019887,21.23706448909015,2011,8.933333333333334,3.1396522774534974,1.5644068087848906,0,MS_2012
2016,MS,28,MISSISSIPPI,1209357,485131,700714,23512,40.11478827178409,57.94103808883564,-17.826249817051547,REPUBLICAN,43.78935954398935,55.285846743581125,-11.496487199591776,REPUBLICAN,2012.0,41.59962,48.99549,-7.395869999999995,2014.0,acs5,2984345.0,36.3,39464.0,20.406604301118733,10.936541167485615,59.2992097093332,37.31646307648747,2.8171340779970144,22.64193159132125,2015,5.2749999999999995,0.12113723253701636,2.945549046689311,0,MS_2016
2020,MS,28,MISSISSIPPI,1313759,539398,756764,17597,41.05760645597861,57.60295457538255,-16.54534811940394,REPUBLICAN,40.11478827178409,57.94103808883564,-17.826249817051547,REPUBLICAN,2016.0,,,,2018.0,acs5,2988762.0,37.2,43567.0,21.815378734660555,8.22039589921506,58.59258783402627,37.6689077283504,3.027775379906463,20.75166061376022,2019,3.6750000000000003,1.813258621914171,2.5838316161415076,0,MS_2020
2024,MS,28,MISSISSIPPI,1228008,466668,747744,13596,38.00203256004847,60.89080852893467,-22.8887759688862,REPUBLICAN,41.05760645597861,57.60295457538255,-16.54534811940394,REPUBLICAN,2020.0,,,,2022.0,acs5,2958846.0,38.1,52985.0,23.881814052782012,6.423147033353136,56.94868877934167,37.23870725276003,3.282462149094613,19.19687815143246,2023,3.625,4.126962791295052,2.918555239317744,0,MS_2024
2000,MT,30,MONTANA,410986,137126,240178,33682,33.36512679264014,58.4394602249225,-25.07433343228236,REPUBLICAN,41.250064483164365,44.131540742305624,-2.881476259141259,REPUBLICAN,1996.0,32.347047,53.014288,-20.667240999999997,,,,,,,,,,,,1999,4.216666666666667,2.193139410050615,4.788427076368618,0,MT_2000
2004,MT,30,MONTANA,450434,173710,266063,10661,38.56502839483698,59.06814316858851,-20.503114773751534,REPUBLICAN,33.36512679264014,58.4394602249225,-25.07433343228236,REPUBLICAN,2000.0,33.714479,56.759464,-23.044985000000004,,,,,,,,,,,,2003,5.991666666666667,2.2979985174202966,2.795612971349559,0,MT_2004
2008,MT,30,MONTANA,490109,231667,242763,15679,47.268464770081756,49.5324509445858,-2.2639861745040406,REPUBLICAN,38.56502839483698,59.06814316858851,-20.503114773751534,REPUBLICAN,2004.0,44.697058,49.203223,-4.506165000000003,2006.0,acs1,944632.0,39.5,40627.0,27.43181962326378,4.790854545232364,89.68487199247961,0.47320014566519025,,13.636674411714594,2007,4.616666666666666,2.870550295613361,2.003864445323078,0,MT_2008
2012,MT,30,MONTANA,484048,201839,267928,14281,41.6981373748058,55.3515353849205,-13.6533980101147,REPUBLICAN,47.268464770081756,49.5324509445858,-2.2639861745040406,REPUBLICAN,2008.0,42.717081,52.472873,-9.755792,2010.0,acs5,973739.0,39.7,43872.0,27.873919929554642,5.681174461949223,89.81575144879686,0.44416419594983875,2.799518146032972,14.546762529307552,2011,8.933333333333334,3.1396522774534974,1.5644068087848906,0,MT_2012
2016,MT,30,MONTANA,494526,177709,279240,37577,35.93521877515035,56.466191868577184,-20.530973093426837,REPUBLICAN,41.6981373748058,55.3515353849205,-13.6533980101147,REPUBLICAN,2012.0,34.20359,48.08725,-13.883659999999999,2014.0,acs5,1006370.0,39.8,46766.0,29.070121059711095,6.832648144956554,89.38094339060186,0.4534117670439302,3.1700070550592723,15.289286925732423,2015,5.2749999999999995,0.12113723253701636,2.945549046689311,0,MT_2016
2020,MT,30,MONTANA,603674,244786,343602,15286,40.54936936160908,56.91846924002027,-16.36909987841119,REPUBLICAN,35.93521877515035,56.466191868577184,-20.530973093426837,REPUBLICAN,2016.0,,,,2018.0,acs5,1041732.0,39.8,52559.0,31.202617508578722,4.235182619005365,88.85605894798279,0.44445212396278505,3.745589076653112,13.681822340853614,2019,3.6750000000000003,1.813258621914171,2.5838316161415076,0,MT_2020
2024,MT,30,MONTANA,602963,231906,352079,18978,38.46106643359543,58.3914767572803,-19.930410323684875,REPUBLICAN,40.54936936160908,56.91846924002027,-16.36909987841119,REPUBLICAN,2020.0,,,,2022.0,acs5,1091840.0,40.1,66341.0,33.978765497230285,3.8929935113775813,86.4437097010551,0.551912368112544,4.202172479484174,12.411913951666987,2023,3.625,4.126962791295052,2.918555239317744,0,MT_2024
2000,NC,37,NORTH CAROLINA,2914990,1257692,1631163,26135,43.14567116868325,55.9577562873286,-12.81208511864535,REPUBLICAN,44.03553213740164,48.72941366328975,-4.693881525888109,REPUBLICAN,1996.0,40.583639,48.101556,-7.517917000000004,,,,,,,,,,,,1999,4.216666666666667,2.193139410050615,4.788427076368618,0,NC_2000
2004,NC,37,NORTH CAROLINA,3501007,1525849,1961166,13992,43.5831462205017,56.01719733779452,-12.434051117292817,REPUBLICAN,43.14567116868325,55.9577562873286,-12.81208511864535,REPUBLICAN,2000.0,43.383059,51.643842,-8.260782999999996,,,,,,,,,,,,2003,5.991666666666667,2.2979985174202966,2.795612971349559,0,NC_2004
2008,NC,37,NORTH CAROLINA,4310851,2142651,2128474,39726,49.70366639904743,49.37479861864861,0.3288677803988165,DEMOCRAT,43.5831462205017,56.01719733779452,-12.434051117292817,REPUBLICAN,2004.0,48.111758,46.39212,1.7196380000000033,2006.0,acs1,8856505.0,36.6,42625.0,24.82497281974121,6.58887933282206,70.28351477247514,21.368124333470146,6.745121241392626,14.678541776491876,2007,4.616666666666666,2.870550295613361,2.003864445323078,1,NC_2008
2012,NC,37,NORTH CAROLINA,4505372,2178391,2270395,56586,48.350968577067555,50.39306410214295,-2.0420955250753963,REPUBLICAN,49.70366639904743,49.37479861864861,0.3288677803988165,DEMOCRAT,2008.0,46.034527,49.415714,-3.381187000000004,2010.0,acs5,9271178.0,37.1,45570.0,26.101625862865184,8.752628372435929,69.6106471043917,21.366669909692167,7.802762496847758,15.531745194372451,2011,8.933333333333334,3.1396522774534974,1.5644068087848906,0,NC_2012
2016,NC,37,NORTH CAROLINA,4741564,2189316,2362631,189617,46.172866168209474,49.828094696180415,-3.655228527970941,REPUBLICAN,48.350968577067555,50.39306410214295,-2.0420955250753963,REPUBLICAN,2012.0,46.20749,44.24781,1.9596799999999988,2014.0,acs5,9750405.0,37.8,46693.0,27.794394713386982,10.549347659824281,69.5858377164846,21.46976458926578,8.703197456926148,17.57563147452037,2015,5.2749999999999995,0.12113723253701636,2.945549046689311,0,NC_2016
2020,NC,37,NORTH CAROLINA,5524802,2684292,2758773,81737,48.58621177736324,49.93433248829551,-1.348120710932271,REPUBLICAN,46.172866168209474,49.828094696180415,-3.655228527970941,REPUBLICAN,2016.0,,,,2018.0,acs5,10155624.0,38.6,52413.0,30.50384973409472,6.279286329510978,68.87060804929366,21.46221640344306,9.216075742859326,15.422568222859926,2019,3.6750000000000003,1.813258621914171,2.5838316161415076,0,NC_2020
2024,NC,37,NORTH CAROLINA,5699141,2715375,2898423,85343,47.64533813078146,50.857190583633574,-3.2118524528521135,REPUBLICAN,48.58621177736324,49.93433248829551,-1.348120710932271,REPUBLICAN,2020.0,,,,2022.0,acs5,10470214.0,39.1,66186.0,33.86575669760874,5.075744756954977,64.95051581562707,20.93992539216486,10.038075630545851,13.326107839513535,2023,3.625,4.126962791295052,2.918555239317744,0,NC_2024
2000,ND,38,NORTH DAKOTA,288256,95284,174852,18120,33.05533969804618,60.65858126110124,-27.603241563055057,REPUBLICAN,40.127847573861445,46.938752528987166,-6.8109049551257215,REPUBLICAN,1996.0,34.494527,49.827215,-15.332688000000005,,,,,,,,,,,,1999,4.216666666666667,2.193139410050615,4.788427076368618,0,ND_2000
2004,ND,38,NORTH DAKOTA,312833,111052,196651,5130,35.49881246543683,62.86133496146506,-27.362522496028234,REPUBLICAN,33.05533969804618,60.65858126110124,-27.603241563055057,REPUBLICAN,2000.0,33.774666,58.551305,-24.776638999999996,,,,,,,,,,,,2003,5.991666666666667,2.2979985174202966,2.795612971349559,0,ND_2004
2008,ND,38,NORTH DAKOTA,316621,141278,168601,6742,44.62054001471791,53.250100277618984,-8.629560262901073,REPUBLICAN,35.49881246543683,62.86133496146506,-27.362522496028234,REPUBLICAN,2004.0,43.238911,45.550011,-2.311099999999996,2006.0,acs1,635867.0,37.1,41919.0,25.55939150695961,3.3483739931220717,91.04403908364485,0.9434362846318491,,11.447094571064051,2007,4.616666666666666,2.870550295613361,2.003864445323078,0,ND_2008
2012,ND,38,NORTH DAKOTA,322932,124966,188320,9646,38.69731088897972,58.31568255855723,-19.618371669577506,REPUBLICAN,44.62054001471791,53.250100277618984,-8.629560262901073,REPUBLICAN,2008.0,38.776184,54.614715,-15.838530999999996,2010.0,acs5,659858.0,37.2,46781.0,26.314539064083124,3.599821446665407,90.53341779595003,1.065986924459505,1.9516320177977684,12.326899856614595,2011,8.933333333333334,3.1396522774534974,1.5644068087848906,0,ND_2012
2016,ND,38,NORTH DAKOTA,344360,93758,216794,33808,27.226739458706007,62.9556278313393,-35.72888837263329,REPUBLICAN,38.69731088897972,58.31568255855723,-19.618371669577506,REPUBLICAN,2012.0,30.42803,51.00831,-20.580280000000002,2014.0,acs5,704925.0,35.9,55579.0,27.321619010439953,3.114091563930288,89.19672305564423,1.5293825584282015,2.5889279001312198,11.893450917177518,2015,5.2749999999999995,0.12113723253701636,2.945549046689311,0,ND_2016
2020,ND,38,NORTH DAKOTA,361819,114902,235595,11322,31.756762359080092,65.11404873707572,-33.35728637799563,REPUBLICAN,27.226739458706007,62.9556278313393,-35.72888837263329,REPUBLICAN,2016.0,,,,2018.0,acs5,752201.0,35.1,63473.0,29.454565482127887,2.8334908976316875,87.11341782316163,2.7180235070147476,3.526849871244521,10.89888660043282,2019,3.6750000000000003,1.813258621914171,2.5838316161415076,0,ND_2020
2024,ND,38,NORTH DAKOTA,368155,112327,246505,9323,30.510790292132388,66.9568524127066,-36.44606212057421,REPUBLICAN,31.756762359080092,65.11404873707572,-33.35728637799563,REPUBLICAN,2020.0,,,,2022.0,acs5,776874.0,35.4,73959.0,31.42560285705256,2.9237606214460277,84.49568398479033,3.248017052958395,4.27212134786336,10.763530000959008,2023,3.625,4.126962791295052,2.918555239317744,0,ND_2024
2000,NE,31,NEBRASKA,697019,231780,433862,31377,33.25303901328371,62.245362034607375,-28.992323021323664,REPUBLICAN,34.95065801613487,53.65499730593506,-18.704339289800195,REPUBLICAN,1996.0,31.267607,56.709361,-25.441754,,,,,,,,,,,,1999,4.216666666666667,2.193139410050615,4.788427076368618,0,NE_2000
2004,NE,31,NEBRASKA,778186,254328,512814,11044,32.682160820163816,65.89864119889074,-33.21648037872693,REPUBLICAN,33.25303901328371,62.245362034607375,-28.992323021323664,REPUBLICAN,2000.0,31.526906,61.021914,-29.495008000000002,,,,,,,,,,,,2003,5.991666666666667,2.2979985174202966,2.795612971349559,0,NE_2004
2008,NE,31,NEBRASKA,801281,333319,452979,14983,41.5982657769247,56.53185336979162,-14.933587592866921,REPUBLICAN,32.682160820163816,65.89864119889074,-33.21648037872693,REPUBLICAN,2004.0,37.007418,53.373551,-16.366132999999998,2006.0,acs1,1768331.0,36.0,45474.0,26.91360263692612,4.8100536080274585,88.6135005267679,4.077008207173883,7.36457145183792,11.48627181908963,2007,4.616666666666666,2.870550295613361,2.003864445323078,0,NE_2008
2012,NE,31,NEBRASKA,794379,302081,475064,17234,38.02731441792898,59.80319217904804,-21.775877761119062,REPUBLICAN,41.5982657769247,56.53185336979162,-14.933587592866921,REPUBLICAN,2008.0,38.270673,56.449164,-18.178491,2010.0,acs5,1799125.0,36.2,49342.0,27.670637204061734,5.109512691043753,88.25718057389008,4.334662683248801,8.446939484471617,11.82017121528924,2011,8.933333333333334,3.1396522774534974,1.5644068087848906,0,NE_2012
2016,NE,31,NEBRASKA,844227,284494,495961,63772,33.69875637713554,58.74735112712576,-25.048594749990222,REPUBLICAN,38.02731441792898,59.80319217904804,-21.775877761119062,REPUBLICAN,2012.0,31.52565,51.34417,-19.81852,2014.0,acs5,1855617.0,36.2,52400.0,28.960720327838114,5.411970644862703,88.26142463665724,4.657372722927199,9.724420502722275,12.86213998278477,2015,5.2749999999999995,0.12113723253701636,2.945549046689311,0,NE_2016
2020,NE,31,NEBRASKA,956383,374583,556846,24954,39.166630941787965,58.22416333205421,-19.057532390266246,REPUBLICAN,33.69875637713554,58.74735112712576,-25.048594749990222,REPUBLICAN,2016.0,,,,2018.0,acs5,1904760.0,36.4,59116.0,31.326164239900905,3.546746300640249,87.48939498939498,4.77015477015477,10.672263172263172,11.554686001043105,2019,3.6750000000000003,1.813258621914171,2.5838316161415076,0,NE_2020
2024,NE,31,NEBRASKA,952182,369995,564816,17371,38.85759235104213,59.31807154514578,-20.460479194103648,REPUBLICAN,39.166630941787965,58.22416333205421,-19.057532390266246,REPUBLICAN,2020.0,,,,2022.0,acs5,1958939.0,36.9,71722.0,33.463338229621634,3.0689636414131147,81.84221152368706,4.775799552717057,11.780305563368742,10.398441171678071,2023,3.625,4.126962791295052,2.918555239317744,0,NE_2024
2000,NH,33,NEW HAMPSHIRE,569081,266348,273559,29174,46.80317916078731,48.07030985044308,-1.2671306896557724,REPUBLICAN,49.57057734944029,39.5664895277257,10.004087821714592,DEMOCRAT,1996.0,41.10914,43.600249,-2.4911090000000016,,,,,,,,,,,,1999,4.216666666666667,2.193139410050615,4.788427076368618,0,NH_2000
2004,NH,33,NEW HAMPSHIRE,678287,340511,331237,6539,50.201610822557406,48.83434298460681,1.3672678379505925,DEMOCRAT,46.80317916078731,48.07030985044308,-1.2671306896557724,REPUBLICAN,2000.0,48.496964,46.100083,2.3968810000000005,,,,,,,,,,,,2003,5.991666666666667,2.2979985174202966,2.795612971349559,1,NH_2004
2008,NH,33,NEW HAMPSHIRE,710970,384826,316534,9610,54.12689705613458,44.521428470962206,9.605468585172375,DEMOCRAT,50.201610822557406,48.83434298460681,1.3672678379505925,DEMOCRAT,2004.0,52.049618,41.240392,10.809226000000002,2006.0,acs1,1314895.0,39.3,59683.0,31.934991838300224,4.472914469742767,95.08219287471623,1.052707630647314,,8.020658655197991,2007,4.616666666666666,2.870550295613361,2.003864445323078,1,NH_2008
2012,NH,33,NEW HAMPSHIRE,710972,369561,329918,11493,51.97968415071198,46.40379649268888,5.575887658023099,DEMOCRAT,54.12689705613458,44.521428470962206,9.605468585172375,DEMOCRAT,2008.0,48.108282,46.917123,1.191159000000006,2010.0,acs5,1313939.0,40.3,63277.0,32.856860461090534,5.85314464684926,94.48985074649585,1.079654382737707,2.6894703635404684,7.812430089869596,2011,8.933333333333334,3.1396522774534974,1.5644068087848906,1,NH_2012
2016,NH,33,NEW HAMPSHIRE,744296,348526,345790,49980,46.82626266969056,46.458666981953414,0.36759568773714335,DEMOCRAT,51.97968415071198,46.40379649268888,5.575887658023099,DEMOCRAT,2012.0,45.51128,38.91469,6.596589999999999,2014.0,acs5,1321069.0,41.8,65986.0,34.36133414142909,6.478516452240349,93.82878562739721,1.233319379986965,3.0506355080620313,8.851127216119304,2015,5.2749999999999995,0.12113723253701636,2.945549046689311,1,NH_2016
2020,NH,33,NEW HAMPSHIRE,806182,424921,365654,15607,52.70782528014766,45.3562595046776,7.351565775470057,DEMOCRAT,46.82626266969056,46.458666981953414,0.36759568773714335,DEMOCRAT,2016.0,,,,2018.0,acs5,1343622.0,42.7,74057.0,36.48981478077753,4.028583964401273,93.03315962376323,1.5269175407964444,3.598928865410063,7.869211418167951,2019,3.6750000000000003,1.813258621914171,2.5838316161415076,1,NH_2020
2024,NH,33,NEW HAMPSHIRE,831033,418488,395523,17022,50.35756702802415,47.59413886091166,2.7634281671124867,DEMOCRAT,52.70782528014766,45.3562595046776,7.351565775470057,DEMOCRAT,2020.0,,,,2022.0,acs5,1379610.0,43.1,90845.0,39.04816048079266,3.5691697444346406,89.99601336609622,1.5163705684939945,4.251491363501279,7.325117866625276,2023,3.625,4.126962791295052,2.918555239317744,1,NH_2024
2000,NJ,34,NEW JERSEY,3187226,1788850,1284173,114203,56.12560891508792,40.29124385907997,15.834365056007954,DEMOCRAT,53.72029286118354,35.863108203884444,17.857184657299094,DEMOCRAT,1996.0,46.172072,38.666559,7.5055130000000005,,,,,,,,,,,,1999,4.216666666666667,2.193139410050615,4.788427076368618,1,NJ_2000
2004,NJ,34,NEW JERSEY,3611691,1911430,1670003,30258,52.92340900702746,46.23881168128724,6.684597325740221,DEMOCRAT,56.12560891508792,40.29124385907997,15.834365056007954,DEMOCRAT,2000.0,48.995983,41.808359,7.187624,,,,,,,,,,,,2003,5.991666666666667,2.2979985174202966,2.795612971349559,1,NJ_2004
2008,NJ,34,NEW JERSEY,3868237,2215422,1613207,39608,57.27213715188599,41.70393385927491,15.56820329261108,DEMOCRAT,52.92340900702746,46.23881168128724,6.684597325740221,DEMOCRAT,2004.0,54.4376,37.129955,17.307645,2006.0,acs1,8724560.0,38.2,64470.0,33.446324796806124,6.264668295805224,69.60992875285402,13.607116003557774,15.642038108512063,8.686628568538108,2007,4.616666666666666,2.870550295613361,2.003864445323078,1,NJ_2008
2012,NJ,34,NEW JERSEY,3638499,2122786,1478088,37625,58.3423549106376,40.623564827144385,17.718790083493218,DEMOCRAT,57.27213715188599,41.70393385927491,15.56820329261108,DEMOCRAT,2008.0,51.925329,41.377972,10.547356999999998,2010.0,acs5,8721577.0,38.5,69811.0,34.59357207269388,7.775682598506731,69.6434830535808,13.486563267170604,16.833836357805477,9.105107812773024,2011,8.933333333333334,3.1396522774534974,1.5644068087848906,1,NJ_2012
2016,NJ,34,NEW JERSEY,3874046,2148278,1601933,123835,55.4530844496942,41.35038665002945,14.102697799664753,DEMOCRAT,58.3423549106376,40.623564827144385,17.718790083493218,DEMOCRAT,2012.0,50.40037,35.90802,14.492350000000002,2014.0,acs5,8874374.0,39.3,72062.0,36.35016962073125,9.664654943297899,68.67021831624406,13.537168931577595,18.59042677263771,10.743811817738953,2015,5.2749999999999995,0.12113723253701636,2.945549046689311,1,NJ_2016
2020,NJ,34,NEW JERSEY,4549353,2608335,1883274,57744,57.334196752812986,41.396523857348505,15.93767289546448,DEMOCRAT,55.4530844496942,41.35038665002945,14.102697799664753,DEMOCRAT,2016.0,,,,2018.0,acs5,8881845.0,39.8,79363.0,38.89452099357505,6.09715879124475,67.9109689484561,13.474272518829139,19.905999260288826,10.382981929129038,2019,3.6750000000000003,1.813258621914171,2.5838316161415076,1,NJ_2020
2024,NJ,34,NEW JERSEY,4272725,2220713,1968215,83797,51.97416168838388,46.06463088544196,5.909530802941923,DEMOCRAT,57.334196752812986,41.396523857348505,15.93767289546448,DEMOCRAT,2020.0,,,,2022.0,acs5,9249063.0,40.0,97126.0,42.25247755446823,6.24745164234484,59.774746912200726,13.1177071666611,21.228344968566006,9.681402453796407,2023,3.625,4.126962791295052,2.918555239317744,1,NJ_2024
2000,NM,35,NEW MEXICO,598605,286783,286417,25405,47.908554054844174,47.84741189933261,0.061142155511561214,DEMOCRAT,49.18320223567367,41.85611986893831,7.327082366735361,DEMOCRAT,1996.0,41.855874,43.08313,-1.227255999999997,,,,,,,,,,,,1999,4.216666666666667,2.193139410050615,4.788427076368618,1,NM_2000
2004,NM,35,NEW MEXICO,756304,370942,376930,8432,49.0466796420487,49.8384247604138,-0.7917451183650996,REPUBLICAN,47.908554054844174,47.84741189933261,0.061142155511561214,DEMOCRAT,2000.0,44.915934,48.434684,-3.518749999999997,,,,,,,,,,,,2003,5.991666666666667,2.2979985174202966,2.795612971349559,0,NM_2004
2008,NM,35,NEW MEXICO,830158,472422,346832,10904,56.90748026279336,41.77903483433274,15.128445428460616,DEMOCRAT,49.0466796420487,49.8384247604138,-0.7917451183650996,REPUBLICAN,2004.0,53.211714,43.524933,9.686781000000003,2006.0,acs1,1954599.0,35.2,40629.0,25.32012621900498,6.354416678431926,67.8278255539883,2.02875372390961,44.03394251199351,18.49585418096019,2007,4.616666666666666,2.870550295613361,2.003864445323078,1,NM_2008
2012,NM,35,NEW MEXICO,783758,415335,335788,32635,52.992760520466774,42.84332663909013,10.149433881376645,DEMOCRAT,56.90748026279336,41.77903483433274,15.128445428460616,DEMOCRAT,2008.0,50.355966,42.790009,7.5659570000000045,2010.0,acs5,2013122.0,36.4,43820.0,25.453195097742064,7.218058613450422,71.23040729771967,1.9837347165248802,45.397248651596875,18.356201778126866,2011,8.933333333333334,3.1396522774534974,1.5644068087848906,1,NM_2012
2016,NM,35,NEW MEXICO,798319,385234,319667,93418,48.255647178634106,40.04251433324272,8.213132845391385,DEMOCRAT,52.992760520466774,42.84332663909013,10.149433881376645,DEMOCRAT,2012.0,43.038,34.93155,8.106449999999995,2014.0,acs5,2080085.0,36.8,44968.0,26.08585359110538,9.607936820793084,73.1641255044866,2.0439068595754497,47.02639555595084,20.89240204081833,2015,5.2749999999999995,0.12113723253701636,2.945549046689311,1,NM_2016
2020,NM,35,NEW MEXICO,923965,501614,401894,20457,54.289285849572224,43.49666924612946,10.792616603442767,DEMOCRAT,48.255647178634106,40.04251433324272,8.213132845391385,DEMOCRAT,2016.0,,,,2018.0,acs5,2092434.0,37.5,48059.0,27.12482428206673,7.188480767107733,74.5010834272431,2.0553097493158683,48.5439923075232,20.01062971297337,2019,3.6750000000000003,1.813258621914171,2.5838316161415076,1,NM_2020
2024,NM,35,NEW MEXICO,923403,478802,423391,21210,51.85189998299767,45.85116141056505,6.000738572432624,DEMOCRAT,54.289285849572224,43.49666924612946,10.792616603442767,DEMOCRAT,2020.0,,,,2022.0,acs5,2112463.0,38.6,58722.0,29.074668667724847,6.2305713339087285,59.20169962740176,2.1251969856986843,49.781984347181464,18.28378640692315,2023,3.625,4.126962791295052,2.918555239317744,1,NM_2024
2000,NV,32,NEVADA,609426,279978,301575,27873,45.94126276200884,49.485089247915255,-3.543826485906415,REPUBLICAN,43.933496884416485,42.91471292046377,1.018783963952714,DEMOCRAT,1996.0,41.107291,46.944432,-5.837141000000003,,,,,,,,,,,,1999,4.216666666666667,2.193139410050615,4.788427076368618,0,NV_2000
2004,NV,32,NEVADA,829587,397190,418690,13707,47.87804051895702,50.4696915453111,-2.5916510263540786,REPUBLICAN,45.94126276200884,49.485089247915255,-3.543826485906415,REPUBLICAN,2000.0,45.584881,49.681057,-4.096176,,,,,,,,,,,,2003,5.991666666666667,2.2979985174202966,2.795612971349559,0,NV_2004
2008,NV,32,NEVADA,967848,533736,412827,21285,55.1466759243187,42.65411510898405,12.492560815334649,DEMOCRAT,47.87804051895702,50.4696915453111,-2.5916510263540786,REPUBLICAN,2004.0,48.783144,44.043054,4.740090000000002,2006.0,acs1,2495529.0,35.6,52998.0,20.7633550647076,5.170345554473947,73.64610870080051,7.335679128553505,24.44575879502903,10.310372223159153,2007,4.616666666666666,2.870550295613361,2.003864445323078,1,NV_2008
2012,NV,32,NEVADA,1014918,531373,463567,19978,52.35624947040056,45.67531564126363,6.680933829136933,DEMOCRAT,55.1466759243187,42.65411510898405,12.492560815334649,DEMOCRAT,2008.0,49.776091,46.718656,3.057434999999998,2010.0,acs5,2633331.0,35.9,55726.0,21.84795623856534,8.981501842268171,73.59625508528931,7.8822981235553,25.59104799206784,11.885610259607784,2011,8.933333333333334,3.1396522774534974,1.5644068087848906,1,NV_2012
2016,NV,32,NEVADA,1125385,539260,512058,74067,47.91782367811904,45.50069531760242,2.417128360516621,DEMOCRAT,52.35624947040056,45.67531564126363,6.680933829136933,DEMOCRAT,2012.0,44.91374,43.00467,1.9090699999999998,2014.0,acs5,2761584.0,36.9,52205.0,22.534958223299707,11.811859841723765,70.08220644383802,8.31544504892844,27.232523073714216,15.55761483060014,2015,5.2749999999999995,0.12113723253701636,2.945549046689311,1,NV_2016
2020,NV,32,NEVADA,1405376,703486,669890,32000,50.056781957284024,47.66624732455941,2.3905346327246164,DEMOCRAT,47.91782367811904,45.50069531760242,2.417128360516621,DEMOCRAT,2016.0,,,,2018.0,acs5,2922849.0,37.9,57598.0,24.24981888131105,6.910580425455615,66.20605443524452,8.933851868502272,28.451589527888714,13.654142216780428,2019,3.6750000000000003,1.813258621914171,2.5838316161415076,1,NV_2020
2024,NV,32,NEVADA,1484840,705197,751205,28438,47.49313057299103,50.5916462379785,-3.098515664987474,REPUBLICAN,50.056781957284024,47.66624732455941,2.3905346327246164,DEMOCRAT,2020.0,,,,2022.0,acs5,3104817.0,38.5,71646.0,26.5493827532958,7.01720446995714,55.8095050368508,9.347507437636422,29.583353865944435,12.711829277328379,2023,3.625,4.126962791295052,2.918555239317744,0,NV_2024
2000,NY,36,NEW YORK,6960215,3942215,2258577,759423,56.639270482305506,32.44981656457451,24.189453917730994,DEMOCRAT,56.678939030418555,27.002207907311686,29.67673112310687,DEMOCRAT,1996.0,52.034389,35.022217,17.012172,,,,,,,,,,,,1999,4.216666666666667,2.193139410050615,4.788427076368618,1,NY_2000
2004,NY,36,NEW YORK,7448266,4180755,2806993,460518,56.13058126549186,37.6865299923499,18.444051273141966,DEMOCRAT,56.639270482305506,32.44981656457451,24.189453917730994,DEMOCRAT,2000.0,54.343091,38.161372,16.181719,,,,,,,,,,,,2003,5.991666666666667,2.2979985174202966,2.795612971349559,1,NY_2004
2008,NY,36,NEW YORK,7722019,4645332,2418323,658364,60.15696154075767,31.3172371111752,28.83972442958247,DEMOCRAT,56.13058126549186,37.6865299923499,18.444051273141966,DEMOCRAT,2004.0,61.85451,31.110944,30.743565999999998,2006.0,acs1,19306183.0,37.4,51384.0,31.1692494139367,6.524417155325936,66.38428735498881,15.488613155692143,16.26209593061456,14.183122280594922,2007,4.616666666666666,2.870550295613361,2.003864445323078,1,NY_2008
2012,NY,36,NEW YORK,7116784,4324228,2223397,569159,60.76098417487449,31.241597328231403,29.519386846643084,DEMOCRAT,60.15696154075767,31.3172371111752,28.83972442958247,DEMOCRAT,2008.0,59.696247,35.429931,24.266315999999996,2010.0,acs5,19229752.0,37.7,55603.0,32.12813939377608,7.521490828157103,66.37840155192849,15.551895833081986,17.10308068455589,14.164350584093214,2011,8.933333333333334,3.1396522774534974,1.5644068087848906,1,NY_2012
2016,NY,36,NEW YORK,7802084,4379789,2527142,895153,56.13614259984896,32.390602305742924,23.745540294106036,DEMOCRAT,60.76098417487449,31.241597328231403,29.519386846643084,DEMOCRAT,2012.0,52.57126,32.49406,20.077200000000005,2014.0,acs5,19594330.0,38.1,58687.0,33.67968933213521,8.90364635049915,64.98572801417552,15.61700757310916,18.16670434763526,15.608503039562258,2015,5.2749999999999995,0.12113723253701636,2.945549046689311,1,NY_2016
2020,NY,36,NEW YORK,8661735,5230985,3244798,185952,60.391884535834905,37.46129384009093,22.930590695743973,DEMOCRAT,56.13614259984896,32.390602305742924,23.745540294106036,DEMOCRAT,2016.0,,,,2018.0,acs5,19618453.0,38.7,65323.0,35.9254382992872,5.9977752031592635,63.79172200784639,15.638842675311862,18.888278295949227,14.64224200615909,2019,3.6750000000000003,1.813258621914171,2.5838316161415076,1,NY_2020
2024,NY,36,NEW YORK,8381429,4619195,3578899,183335,55.112260689674756,42.700343819651756,12.411916870023,DEMOCRAT,60.391884535834905,37.46129384009093,22.930590695743973,DEMOCRAT,2020.0,,,,2022.0,acs5,19994379.0,39.3,81386.0,38.79253659727761,6.225910474590347,58.764775840249904,15.059812560320077,19.484045991125807,13.606940053749131,2023,3.625,4.126962791295052,2.918555239317744,1,NY_2024
2000,OH,39,OHIO,4701998,2183628,2350363,168007,46.440428090356484,49.98647383516539,-3.5460457448089073,REPUBLICAN,47.37574744720069,41.016872227051934,6.358875220148754,DEMOCRAT,1996.0,41.187292,47.859862,-6.67257,,,,,,,,,,,,1999,4.216666666666667,2.193139410050615,4.788427076368618,0,OH_2000
2004,OH,39,OHIO,5627903,2741165,2859764,26974,48.70668524315362,50.814024335529595,-2.107339092375973,REPUBLICAN,46.440428090356484,49.98647383516539,-3.5460457448089073,REPUBLICAN,2000.0,47.706352,47.898545,-0.19219299999999606,,,,,,,,,,,,2003,5.991666666666667,2.2979985174202966,2.795612971349559,0,OH_2004
2008,OH,39,OHIO,5708350,2940044,2677820,90486,51.50427006052537,46.91057836327485,4.59369169725052,DEMOCRAT,48.70668524315362,50.814024335529595,-2.107339092375973,REPUBLICAN,2004.0,49.287452,44.14357,5.143882000000005,2006.0,acs1,11478006.0,37.6,44532.0,22.950538917524348,7.078642454643193,84.03762813854601,11.825599324481969,2.3154021700284875,13.323417609812246,2007,4.616666666666666,2.870550295613361,2.003864445323078,1,OH_2008
2012,OH,39,OHIO,5580822,2827621,2661407,91794,50.66674765831986,47.68844087842257,2.978306779897295,DEMOCRAT,51.50427006052537,46.91057836327485,4.59369169725052,DEMOCRAT,2008.0,48.026532,46.536585,1.4899470000000008,2010.0,acs5,11512431.0,38.3,47358.0,24.143879945569445,8.644626127958432,83.37705563664181,12.084676120968716,2.8926905186228695,14.163774163495582,2011,8.933333333333334,3.1396522774534974,1.5644068087848906,1,OH_2012
2016,OH,39,OHIO,5496487,2394164,2841005,261318,43.55807627672002,51.68765067578619,-8.129574399066165,REPUBLICAN,50.66674765831986,47.68844087842257,2.978306779897295,DEMOCRAT,2012.0,43.56159,44.37362,-0.81203,2014.0,acs5,11560380.0,39.1,48849.0,25.624399908959017,9.18854521536287,82.60405799809348,12.175144761677384,3.2831273712455817,15.925314412548111,2015,5.2749999999999995,0.12113723253701636,2.945549046689311,0,OH_2016
2020,OH,39,OHIO,5922202,2679165,3154834,88203,45.239338340705025,53.27130010087464,-8.031961760169615,REPUBLICAN,43.55807627672002,51.68765067578619,-8.129574399066165,REPUBLICAN,2016.0,,,,2018.0,acs5,11641879.0,39.3,54533.0,27.788161522775678,5.824590615443332,81.51460773643156,12.354285764351271,3.7049603418829555,14.54167878483539,2019,3.6750000000000003,1.813258621914171,2.5838316161415076,0,OH_2020
2024,OH,39,OHIO,5767788,2533699,3180116,53973,43.92843495634722,55.13579902728741,-11.207364070940194,REPUBLICAN,45.239338340705025,53.27130010087464,-8.031961760169615,REPUBLICAN,2020.0,,,,2022.0,acs5,11774683.0,39.6,66990.0,30.370645802810277,5.013970845036947,78.82761684539618,12.30988554001836,4.200750032930823,13.305625102635451,2023,3.625,4.126962791295052,2.918555239317744,0,OH_2024
2000,OK,40,OKLAHOMA,1234229,474276,744337,15616,38.426904569573395,60.307852108482294,-21.8809475389089,REPUBLICAN,40.44913745024707,48.256296236139,-7.807158785891929,REPUBLICAN,1996.0,35.716151,53.385745,-17.669593999999996,,,,,,,,,,,,1999,4.216666666666667,2.193139410050615,4.788427076368618,0,OK_2000
2004,OK,40,OKLAHOMA,1463758,503966,959792,0,34.42959833524394,65.57040166475606,-31.140803329512124,REPUBLICAN,38.426904569573395,60.307852108482294,-21.8809475389089,REPUBLICAN,2000.0,32.687863,62.183144,-29.495281,,,,,,,,,,,,2003,5.991666666666667,2.2979985174202966,2.795612971349559,0,OK_2004
2008,OK,40,OKLAHOMA,1462661,502496,960165,0,34.3549188773065,65.64508112269351,-31.29016224538701,REPUBLICAN,34.42959833524394,65.57040166475606,-31.140803329512124,REPUBLICAN,2004.0,33.854478,61.096001,-27.241523,2006.0,acs1,3579212.0,36.2,38770.0,22.143434534784294,5.955377755744949,75.38061450397461,7.355557592006286,6.840108940180128,16.972705761102908,2007,4.616666666666666,2.870550295613361,2.003864445323078,0,OK_2008
2012,OK,40,OKLAHOMA,1334872,443547,891325,0,33.22768025698344,66.77231974301657,-33.54463948603313,REPUBLICAN,34.3549188773065,65.64508112269351,-31.29016224538701,REPUBLICAN,2008.0,30.318395,60.260364,-29.941969000000004,2010.0,acs5,3675339.0,36.3,42979.0,22.60491032707652,6.200958620697381,74.01045182498812,7.269506295881822,8.22147290358794,16.217368083772797,2011,8.933333333333334,3.1396522774534974,1.5644068087848906,0,OK_2012
2016,OK,40,OKLAHOMA,1452992,420375,949136,83481,28.931680284543894,65.32286481962736,-36.39118453508346,REPUBLICAN,33.22768025698344,66.77231974301657,-33.54463948603313,REPUBLICAN,2012.0,30.37951,54.91045,-24.530939999999998,2014.0,acs5,3818851.0,36.2,46235.0,23.81922545512838,6.840771886205653,73.29749183720443,7.253673945383049,9.372347860652328,16.887278385991,2015,5.2749999999999995,0.12113723253701636,2.945549046689311,0,OK_2016
2020,OK,40,OKLAHOMA,1560699,503890,1020280,36529,32.28617433598664,65.37327184806296,-33.08709751207632,REPUBLICAN,28.931680284543894,65.32286481962736,-36.39118453508346,REPUBLICAN,2016.0,,,,2018.0,acs5,3918137.0,36.4,51424.0,25.177534896062586,5.326069721003109,72.42656395118394,7.349385690188985,10.400886952140775,15.986569188249145,2019,3.6750000000000003,1.813258621914171,2.5838316161415076,0,OK_2020
2024,OK,40,OKLAHOMA,1566173,499599,1036213,30361,31.89934956099997,66.16210342024796,-34.262753859247994,REPUBLICAN,32.28617433598664,65.37327184806296,-33.08709751207632,REPUBLICAN,2020.0,,,,2022.0,acs5,3970497.0,36.9,61364.0,27.266807183527103,4.873032497804345,68.4213336516814,7.164166098098048,11.552357299350687,15.229635767011063,2023,3.625,4.126962791295052,2.918555239317744,0,OK_2024
2000,OR,41,OREGON,1533950,720342,713577,100031,46.95994002412073,46.51892173799668,0.4410182861240557,DEMOCRAT,47.151971315758914,39.059923353849726,8.092047961909188,DEMOCRAT,1996.0,41.660073,45.950002,-4.289929000000001,,,,,,,,,,,,1999,4.216666666666667,2.193139410050615,4.788427076368618,1,OR_2000
2004,OR,41,OREGON,1836782,943163,866831,26788,51.348663042211875,47.19291674243323,4.155746299778642,DEMOCRAT,46.95994002412073,46.51892173799668,0.4410182861240557,DEMOCRAT,2000.0,50.525808,45.290257,5.235551000000001,,,,,,,,,,,,2003,5.991666666666667,2.2979985174202966,2.795612971349559,1,OR_2004
2008,OR,41,OREGON,1827864,1037291,738475,52098,56.748806256920645,40.400981692292206,16.34782456462844,DEMOCRAT,51.348663042211875,47.19291674243323,4.155746299778642,DEMOCRAT,2004.0,54.657339,38.804664,15.852674999999998,2006.0,acs1,3700758.0,37.6,46230.0,27.54552301696829,6.323902187078686,86.09525399931582,1.7194045111839251,10.242063923120615,13.251307586899042,2007,4.616666666666666,2.870550295613361,2.003864445323078,1,OR_2008
2012,OR,41,OREGON,1789270,970488,754175,64607,54.239326652769,42.14987117651333,12.089455476255672,DEMOCRAT,56.748806256920645,40.400981692292206,16.34782456462844,DEMOCRAT,2008.0,48.072037,42.702794,5.369243000000004,2010.0,acs5,3761925.0,38.1,49260.0,28.63538185502945,8.730452858080453,85.60112176611709,1.7657715132545173,11.169680416276242,13.995844115003884,2011,8.933333333333334,3.1396522774534974,1.5644068087848906,1,OR_2012
2016,OR,41,OREGON,2001336,1002106,782403,216827,50.07185200286208,39.094035184496754,10.977816818365326,DEMOCRAT,54.239326652769,42.14987117651333,12.089455476255672,DEMOCRAT,2012.0,46.38758,35.91531,10.472270000000002,2014.0,acs5,3900343.0,38.9,50521.0,30.069553174451404,10.528857837801409,85.0609292567346,1.8126610916014312,12.145829225788605,16.705989789412516,2015,5.2749999999999995,0.12113723253701636,2.945549046689311,1,OR_2016
2020,OR,41,OREGON,2374321,1340383,958448,75490,56.45331865404888,40.367246046343354,16.086072607705525,DEMOCRAT,50.07185200286208,39.094035184496754,10.977816818365326,DEMOCRAT,2016.0,,,,2018.0,acs5,4081943.0,39.2,59393.0,32.89786027467707,5.99986978458094,84.41893970591946,1.905685601195313,12.835946018844457,14.115140200731968,2019,3.6750000000000003,1.813258621914171,2.5838316161415076,1,OR_2020
2024,OR,41,OREGON,2244493,1240600,919480,84413,55.273061666933245,40.96604444745428,14.307017219478965,DEMOCRAT,56.45331865404888,40.367246046343354,16.086072607705525,DEMOCRAT,2020.0,,,,2022.0,acs5,4229374.0,39.9,76632.0,35.48265877451072,5.5304157626039965,78.69001417231013,1.8819097105150788,13.786106407236625,11.910194035527306,2023,3.625,4.126962791295052,2.918555239317744,1,OR_2024
2000,PA,42,PENNSYLVANIA,4912185,2485967,2281127,145091,50.60817131276612,46.43813292862545,4.170038384140668,DEMOCRAT,49.226124767761895,40.014355830428805,9.21176893733309,DEMOCRAT,1996.0,44.033885,42.307789,1.7260959999999983,,,,,,,,,,,,1999,4.216666666666667,2.193139410050615,4.788427076368618,1,PA_2000
2004,PA,42,PENNSYLVANIA,5769590,2938095,2793847,37648,50.923809144150624,48.4236661530542,2.500142991096425,DEMOCRAT,50.60817131276612,46.43813292862545,4.170038384140668,DEMOCRAT,2000.0,48.683697,46.998018,1.6856790000000004,,,,,,,,,,,,2003,5.991666666666667,2.2979985174202966,2.795612971349559,1,PA_2004
2008,PA,42,PENNSYLVANIA,6013272,3276363,2655885,81024,54.48552801203738,44.16705247991443,10.318475532122946,DEMOCRAT,50.923809144150624,48.4236661530542,2.500142991096425,DEMOCRAT,2004.0,51.520194,42.302339,9.217854999999993,2006.0,acs1,12440621.0,39.6,46259.0,25.441269831480817,6.199410316682845,83.83610432308805,10.367641615318078,4.237264361642397,12.053140655484421,2007,4.616666666666666,2.870550295613361,2.003864445323078,1,PA_2008
2012,PA,42,PENNSYLVANIA,5742040,2990274,2680434,71332,52.0768577021407,46.68086603367445,5.395991668466252,DEMOCRAT,54.48552801203738,44.16705247991443,10.318475532122946,DEMOCRAT,2008.0,48.996755,45.463521,3.533234,2010.0,acs5,12612705.0,39.8,50398.0,26.383187245996552,7.297200552630503,82.93301080141016,10.680119768122697,5.2051324438334206,12.376347837263426,2011,8.933333333333334,3.1396522774534974,1.5644068087848906,1,PA_2012
2016,PA,42,PENNSYLVANIA,6115402,2926441,2970733,218228,47.85361616456285,48.57788580374602,-0.72426963918317,REPUBLICAN,52.0768577021407,46.68086603367445,5.395991668466252,DEMOCRAT,2012.0,47.02956,41.12005,5.909509999999997,2014.0,acs5,12758729.0,40.4,53115.0,28.098962433569053,8.557165150328744,81.90220201400939,10.939318485407128,6.14921752785877,13.508934191229088,2015,5.2749999999999995,0.12113723253701636,2.945549046689311,0,PA_2016
2020,PA,42,PENNSYLVANIA,6915283,3458229,3377674,79380,50.00849567544814,48.84361204017247,1.1648836352756717,DEMOCRAT,47.85361616456285,48.57788580374602,-0.72426963918317,REPUBLICAN,2016.0,,,,2018.0,acs5,12791181.0,40.7,59445.0,30.77239430791013,5.8141270588047975,80.84821878448909,11.127346255205051,7.076406783705116,12.753877194854441,2019,3.6750000000000003,1.813258621914171,2.5838316161415076,1,PA_2020
2024,PA,42,PENNSYLVANIA,7034206,3423042,3543308,67856,48.66280572391539,50.372536715586655,-1.7097309916712646,REPUBLICAN,50.00849567544814,48.84361204017247,1.1648836352756717,DEMOCRAT,2020.0,,,,2022.0,acs5,12989208.0,40.8,73170.0,33.75646343268351,5.369599774875238,77.06689276205293,10.838335947811444,8.122958690014048,11.782103579482799,2023,3.625,4.126962791295052,2.918555239317744,0,PA_2024
2000,RI,44,RHODE ISLAND,409112,249508,130555,29049,60.9877001896791,31.911799213907194,29.07590097577191,DEMOCRAT,59.71858848370392,26.824805828103738,32.89378265560018,DEMOCRAT,1996.0,52.320044,30.450463,21.869581000000004,,,,,,,,,,,,1999,4.216666666666667,2.193139410050615,4.788427076368618,1,RI_2000
2004,RI,44,RHODE ISLAND,437134,259760,169046,8328,59.42342622628301,38.67143713369356,20.751989092589454,DEMOCRAT,60.9877001896791,31.911799213907194,29.07590097577191,DEMOCRAT,2000.0,54.854184,36.362497,18.491687,,,,,,,,,,,,2003,5.991666666666667,2.2979985174202966,2.795612971349559,1,RI_2004
2008,RI,44,RHODE ISLAND,471766,296571,165391,9804,62.86400461245617,35.057846474735356,27.806158137720814,DEMOCRAT,59.42342622628301,38.67143713369356,20.751989092589454,DEMOCRAT,2004.0,51.325988,33.552625,17.773363000000003,2006.0,acs1,1067610.0,38.4,51814.0,29.587760735163766,5.869870075210307,82.64909470686861,5.095119004130722,11.025374434484503,11.11630871423643,2007,4.616666666666666,2.870550295613361,2.003864445323078,1,RI_2008
2012,RI,44,RHODE ISLAND,446049,279677,157204,9168,62.7009588632639,35.24366157081397,27.45729729244993,DEMOCRAT,62.86400461245617,35.057846474735356,27.806158137720814,DEMOCRAT,2008.0,55.351335,33.741903,21.609431999999998,2010.0,acs5,1056389.0,38.9,54902.0,30.335676928244222,7.961273818082565,82.04155855466121,5.876812424211157,11.778994290928816,12.16888274398464,2011,8.933333333333334,3.1396522774534974,1.5644068087848906,1,RI_2012
2016,RI,44,RHODE ISLAND,464144,252525,180543,31076,54.40660657037471,38.898057499396735,15.508549070977978,DEMOCRAT,62.7009588632639,35.24366157081397,27.45729729244993,DEMOCRAT,2012.0,47.62337,35.9043,11.719070000000002,2014.0,acs5,1053252.0,39.7,56423.0,31.38470260178926,9.513150234550709,81.32953936949562,6.344825359932855,13.27621499887966,14.217530306889966,2015,5.2749999999999995,0.12113723253701636,2.945549046689311,1,RI_2016
2020,RI,44,RHODE ISLAND,516990,307486,199922,9582,59.476198765933574,38.670380471575854,20.80581829435772,DEMOCRAT,54.40660657037471,38.898057499396735,15.508549070977978,DEMOCRAT,2016.0,,,,2018.0,acs5,1056611.0,39.9,63296.0,33.274412565399324,6.130134002784242,80.87195760786136,6.554351601488154,15.034672173581384,13.09559077546015,2019,3.6750000000000003,1.813258621914171,2.5838316161415076,1,RI_2020
2024,RI,44,RHODE ISLAND,513086,285156,214406,13524,55.57664796934627,41.78753659230616,13.789111377040108,DEMOCRAT,59.476198765933574,38.670380471575854,20.80581829435772,DEMOCRAT,2020.0,,,,2022.0,acs5,1094250.0,40.1,81370.0,36.2804103287505,5.880374403315949,74.59977153301348,6.179118117432031,16.741695225039983,11.222117744148303,2023,3.625,4.126962791295052,2.918555239317744,1,RI_2024
2000,SC,45,SOUTH CAROLINA,1383902,566037,786892,30973,40.9015233737649,56.86038462261056,-15.958861248845658,REPUBLICAN,44.006252923450376,49.8476762807973,-5.841423357346926,REPUBLICAN,1996.0,38.90186,53.238236,-14.336376000000001,,,,,,,,,,,,1999,4.216666666666667,2.193139410050615,4.788427076368618,0,SC_2000
2004,SC,45,SOUTH CAROLINA,1617700,661669,937974,18057,40.90183593991469,57.98194968164678,-17.08011374173209,REPUBLICAN,40.9015233737649,56.86038462261056,-15.958861248845658,REPUBLICAN,2000.0,39.156102,54.906247,-15.750145000000003,,,,,,,,,,,,2003,5.991666666666667,2.2979985174202966,2.795612971349559,0,SC_2004
2008,SC,45,SOUTH CAROLINA,1920969,862449,1034896,23624,44.89656001736624,53.873643978637865,-8.977083961271624,REPUBLICAN,40.90183593991469,57.98194968164678,-17.08011374173209,REPUBLICAN,2004.0,41.665328,52.32531,-10.659982,2006.0,acs1,4321249.0,37.1,41100.0,22.740520580909596,7.379960381999738,67.30285618810673,28.646810216212952,3.439561108373991,15.686678585106794,2007,4.616666666666666,2.870550295613361,2.003864445323078,0,SC_2008
2012,SC,45,SOUTH CAROLINA,1964118,865941,1071645,26532,44.08803340736147,54.561131255861405,-10.473097848499933,REPUBLICAN,44.89656001736624,53.873643978637865,-8.977083961271624,REPUBLICAN,2008.0,42.796878,46.195003,-3.3981250000000003,2010.0,acs5,4511428.0,37.4,43939.0,23.955199300190312,9.25435704298919,67.25143347073255,28.139294254502122,4.627226678559427,16.399928864833342,2011,8.933333333333334,3.1396522774534974,1.5644068087848906,0,SC_2012
2016,SC,45,SOUTH CAROLINA,2103027,855373,1155389,92265,40.67341978966509,54.93933268569543,-14.265912896030343,REPUBLICAN,44.08803340736147,54.561131255861405,-10.473097848499933,REPUBLICAN,2012.0,39.02023,45.56774,-6.547510000000003,2014.0,acs5,4727273.0,38.3,45033.0,25.34346897579744,10.647751987342918,67.19267112349975,27.61310802232069,5.255863158315587,18.316419287528024,2015,5.2749999999999995,0.12113723253701636,2.945549046689311,0,SC_2016
2020,SC,45,SOUTH CAROLINA,2514096,1091541,1385103,37452,43.41683849781393,55.09348091719648,-11.676642419382553,REPUBLICAN,40.67341978966509,54.93933268569543,-14.265912896030343,REPUBLICAN,2016.0,,,,2018.0,acs5,4955925.0,39.2,51015.0,27.409821323591537,6.437254599674278,67.25255123917331,27.025429158028018,5.562735513551961,16.008036506612335,2019,3.6750000000000003,1.813258621914171,2.5838316161415076,0,SC_2020
2024,SC,45,SOUTH CAROLINA,2548140,1028452,1483747,35941,40.36089068889465,58.22862951015251,-17.86773882125786,REPUBLICAN,43.41683849781393,55.09348091719648,-11.676642419382553,REPUBLICAN,2020.0,,,,2022.0,acs5,5142750.0,40.0,63623.0,30.640913106358813,5.16988177228665,65.00142919644159,25.78793447085703,6.200476398813865,14.350287026131012,2023,3.625,4.126962791295052,2.918555239317744,0,SC_2024
2000,SD,46,SOUTH DAKOTA,316269,118804,190700,6765,37.56422539041132,60.29677268401266,-22.732547293601336,REPUBLICAN,43.02711950244885,46.48885512590095,-3.4617356234520997,REPUBLICAN,1996.0,33.550979,54.273691,-20.722712,,,,,,,,,,,,1999,4.216666666666667,2.193139410050615,4.788427076368618,0,SD_2000
2004,SD,46,SOUTH DAKOTA,388215,149244,232584,6387,38.443645917854795,59.91113171824891,-21.467485800394115,REPUBLICAN,37.56422539041132,60.29677268401266,-22.732547293601336,REPUBLICAN,2000.0,37.607968,54.368331,-16.760362999999998,,,,,,,,,,,,2003,5.991666666666667,2.2979985174202966,2.795612971349559,0,SD_2004
2008,SD,46,SOUTH DAKOTA,381975,170924,203054,7997,44.747431114601746,53.15897637279927,-8.411545258197528,REPUBLICAN,38.443645917854795,59.91113171824891,-21.467485800394115,REPUBLICAN,2004.0,41.465677,51.81404,-10.348362999999999,2006.0,acs1,781919.0,37.3,42791.0,24.847150941043513,4.3324587564649475,87.19381419303022,0.6729597311230447,,13.566270722669707,2007,4.616666666666666,2.870550295613361,2.003864445323078,0,SD_2008
2012,SD,46,SOUTH DAKOTA,363815,145039,210610,8166,39.86614075835246,57.88931187554114,-18.02317111718868,REPUBLICAN,44.747431114601746,53.15897637279927,-8.411545258197528,REPUBLICAN,2008.0,38.996161,51.893049,-12.896887999999997,2010.0,acs5,799462.0,37.2,46369.0,25.320817696827035,4.683821701048776,86.59948815578477,1.1099964726278422,2.5572197302686055,13.72312281156789,2011,8.933333333333334,3.1396522774534974,1.5644068087848906,0,SD_2012
2016,SD,46,SOUTH DAKOTA,370093,117458,227721,24914,31.737428159948987,61.5307503789588,-29.793322219009813,REPUBLICAN,39.86614075835246,57.88931187554114,-18.02317111718868,REPUBLICAN,2012.0,32.37873,49.43365,-17.054920000000003,2014.0,acs5,834708.0,36.8,50338.0,26.673876798554545,4.777494521221879,85.35871226824231,1.5145416121565864,3.169851013767689,14.204717529130818,2015,5.2749999999999995,0.12113723253701636,2.945549046689311,0,SD_2016
2020,SD,46,SOUTH DAKOTA,422609,150471,261043,11095,35.60525213613529,61.76938967225024,-26.16413753611495,REPUBLICAN,31.737428159948987,61.5307503789588,-29.793322219009813,REPUBLICAN,2016.0,,,,2018.0,acs5,864289.0,36.8,56499.0,28.475020411474155,3.5405479004411524,84.46966234673819,1.8791168231922422,3.701886753157798,13.55146175506425,2019,3.6750000000000003,1.813258621914171,2.5838316161415076,0,SD_2020
2024,SD,46,SOUTH DAKOTA,428922,146859,272081,9982,34.23909242239848,63.43367791812964,-29.19458549573116,REPUBLICAN,35.60525213613529,61.76938967225024,-26.16413753611495,REPUBLICAN,2020.0,,,,2022.0,acs5,890342.0,37.5,69457.0,30.367563290870596,3.1090296887551916,82.17336708815265,2.1929775299828607,4.402465569410406,12.259809171566703,2023,3.625,4.126962791295052,2.918555239317744,0,SD_2024
2000,TN,47,TENNESSEE,2076181,981720,1061949,32512,47.28489471775341,51.14915318076796,-3.8642584630145507,REPUBLICAN,47.998711792640854,45.59039757563599,2.4083142170048646,DEMOCRAT,1996.0,44.769527,46.95597,-2.186443000000004,,,,,,,,,,,,1999,4.216666666666667,2.193139410050615,4.788427076368618,0,TN_2000
2004,TN,47,TENNESSEE,2437319,1036477,1384375,16467,42.52529110879618,56.799089491363254,-14.273798382567072,REPUBLICAN,47.28489471775341,51.14915318076796,-3.8642584630145507,REPUBLICAN,2000.0,42.339653,54.404119,-12.064466000000003,,,,,,,,,,,,2003,5.991666666666667,2.2979985174202966,2.795612971349559,0,TN_2004
2008,TN,47,TENNESSEE,2599749,1087437,1479178,33134,41.82853806271298,56.89695428289423,-15.068416220181248,REPUBLICAN,42.52529110879618,56.799089491363254,-14.273798382567072,REPUBLICAN,2004.0,39.106319,54.213084,-15.106765000000003,2006.0,acs1,6038803.0,37.2,40315.0,21.652443666468045,7.38002043943103,79.18089065001789,16.753750701918907,3.109010179666401,16.201205712588255,2007,4.616666666666666,2.870550295613361,2.003864445323078,0,TN_2008
2012,TN,47,TENNESSEE,2458577,960709,1462330,35538,39.07581499379519,59.478714719937585,-20.402899726142394,REPUBLICAN,41.82853806271298,56.89695428289423,-15.068416220181248,REPUBLICAN,2008.0,39.016723,51.451397,-12.434674000000001,2010.0,acs5,6234968.0,37.6,43314.0,22.689390038622452,8.608578532610371,78.76135049931291,16.63803246464136,4.193253277322354,16.50133512952781,2011,8.933333333333334,3.1396522774534974,1.5644068087848906,0,TN_2012
2016,TN,47,TENNESSEE,2508027,870695,1522925,114407,34.71633279865009,60.722033694214616,-26.005700895564523,REPUBLICAN,39.07581499379519,59.478714719937585,-20.402899726142394,REPUBLICAN,2012.0,36.38673,48.83049,-12.443759999999997,2014.0,acs5,6451365.0,38.3,44621.0,24.387862949562557,9.474819597320407,77.95418488955438,16.77165995103362,4.802518536774776,17.825900893596916,2015,5.2749999999999995,0.12113723253701636,2.945549046689311,0,TN_2016
2020,TN,47,TENNESSEE,3053851,1143711,1852475,57665,37.4514342710237,60.66029416628381,-23.20885989526011,REPUBLICAN,34.71633279865009,60.722033694214616,-26.005700895564523,REPUBLICAN,2016.0,,,,2018.0,acs5,6651089.0,38.7,50972.0,26.619493738944875,5.913032633368454,77.67496420510987,16.801594445661454,5.2984105309671845,16.127947508208777,2019,3.6750000000000003,1.813258621914171,2.5838316161415076,0,TN_2020
2024,TN,47,TENNESSEE,3063942,1056265,1966865,40812,34.47405336001791,64.19393709149847,-29.719883731480557,REPUBLICAN,37.4514342710237,60.66029416628381,-23.20885989526011,REPUBLICAN,2020.0,,,,2022.0,acs5,6923772.0,38.9,64035.0,29.706987941274864,5.037505337606333,74.8542268578457,16.27458269856373,5.9594972220344635,13.959259708007146,2023,3.625,4.126962791295052,2.918555239317744,0,TN_2024
2000,TX,48,TEXAS,6407637,2433746,3799639,174252,37.981958091571045,59.298599468103454,-21.31664137653241,REPUBLICAN,43.83177193706514,48.7587416450509,-4.926969707985755,REPUBLICAN,1996.0,28.327455,59.987434,-31.659979,,,,,,,,,,,,1999,4.216666666666667,2.193139410050615,4.788427076368618,0,TX_2000
2004,TX,48,TEXAS,7410749,2832704,4526917,51128,38.22426046274135,61.08582276906154,-22.861562306320188,REPUBLICAN,37.981958091571045,59.298599468103454,-21.31664137653241,REPUBLICAN,2000.0,35.655137,58.502465,-22.847327999999997,,,,,,,,,,,,2003,5.991666666666667,2.2979985174202966,2.795612971349559,0,TX_2004
2008,TX,48,TEXAS,8077795,3528633,4479328,69834,43.683121445889626,55.45236045232641,-11.769239006436784,REPUBLICAN,38.22426046274135,61.08582276906154,-22.861562306320188,REPUBLICAN,2004.0,41.062191,53.655003,-12.592812000000002,2006.0,acs1,23507783.0,33.1,44922.0,24.70860780882281,6.999924676257428,69.78938422223823,11.564318932159617,35.66953974349686,16.903207528959175,2007,4.616666666666666,2.870550295613361,2.003864445323078,0,TX_2008
2012,TX,48,TEXAS,7993851,3308124,4569843,115884,41.383358283760856,57.16697746805639,-15.783619184295532,REPUBLICAN,43.683121445889626,55.45236045232641,-11.769239006436784,REPUBLICAN,2008.0,40.021467,55.849633,-15.828165999999996,2010.0,acs5,24311891.0,33.4,49646.0,25.76096471831764,6.998593227849524,71.99541162799719,11.782983067832937,36.67948741626063,16.75429298667322,2011,8.933333333333334,3.1396522774534974,1.5644068087848906,0,TX_2012
2016,TX,48,TEXAS,8969226,3877868,4685047,406311,43.23525798101196,52.234685579335384,-8.999427598323422,REPUBLICAN,41.383358283760856,57.16697746805639,-15.783619184295532,REPUBLICAN,2012.0,40.36118,46.58123,-6.2200500000000005,2014.0,acs5,26092033.0,33.9,52576.0,27.087582251610637,7.681453204800967,74.73202643887504,11.858895778646302,38.18270120998237,17.66175375336905,2015,5.2749999999999995,0.12113723253701636,2.945549046689311,0,TX_2016
2020,TX,48,TEXAS,11315056,5259126,5890347,165583,46.47900991387051,52.05760360355265,-5.578593689682137,REPUBLICAN,43.23525798101196,52.234685579335384,-8.999427598323422,REPUBLICAN,2016.0,,,,2018.0,acs5,27885195.0,34.4,59570.0,29.2975796895252,5.412091374011828,74.30713322965825,12.070143314400347,39.16614533267564,15.455658515734672,2019,3.6750000000000003,1.813258621914171,2.5838316161415076,0,TX_2020
2024,TX,48,TEXAS,11388674,4835250,6393597,159827,42.456654743124616,56.1399597529967,-13.683305009872086,REPUBLICAN,46.47900991387051,52.05760360355265,-5.578593689682137,REPUBLICAN,2020.0,,,,2022.0,acs5,29243342.0,35.2,73035.0,32.265896982002175,5.220116892750407,59.13640103104495,12.148334482426804,39.89037915023529,13.944421378427283,2023,3.625,4.126962791295052,2.918555239317744,0,TX_2024
2000,UT,49,UTAH,770754,203053,515096,52605,26.344722181136916,66.83014295092858,-40.48542076979166,REPUBLICAN,33.29677643251721,54.37127889560101,-21.074502463083796,REPUBLICAN,1996.0,26.158042,61.801653,-35.64361100000001,,,,,,,,,,,,1999,4.216666666666667,2.193139410050615,4.788427076368618,0,UT_2000
2004,UT,49,UTAH,927844,241199,663742,22903,25.995641508701894,71.53594785330293,-45.540306344601035,REPUBLICAN,26.344722181136916,66.83014295092858,-40.48542076979166,REPUBLICAN,2000.0,24.105539,68.306327,-44.200787999999996,,,,,,,,,,,,2003,5.991666666666667,2.2979985174202966,2.795612971349559,0,UT_2004
2008,UT,49,UTAH,952370,327670,596030,28670,34.40574566607516,62.583869714501716,-28.178124048426554,REPUBLICAN,25.995641508701894,71.53594785330293,-45.540306344601035,REPUBLICAN,2004.0,31.890568,58.573811,-26.683243,2006.0,acs1,2550063.0,28.4,51309.0,28.553710068651,4.420142157378873,89.08030899628754,0.891821104027626,11.219840451000621,10.58080162830625,2007,4.616666666666666,2.870550295613361,2.003864445323078,0,UT_2008
2012,UT,49,UTAH,1017440,251813,740600,25027,24.74966582796037,72.7905331026891,-48.040867274728726,REPUBLICAN,34.40574566607516,62.583869714501716,-28.178124048426554,REPUBLICAN,2008.0,22.643826,71.359846,-48.71602,2010.0,acs5,2657236.0,28.8,56330.0,29.422361417763355,5.850385602938971,89.4115539605816,1.0172224070425058,12.29871942123319,10.849149014325945,2011,8.933333333333334,3.1396522774534974,1.5644068087848906,0,UT_2012
2016,UT,49,UTAH,1131317,310674,515211,305432,27.46126859226901,45.54081658810042,-18.07954799583141,REPUBLICAN,24.74966582796037,72.7905331026891,-48.040867274728726,REPUBLICAN,2012.0,27.91251,33.91067,-5.998160000000002,2014.0,acs5,2858111.0,29.9,59846.0,30.64865272887538,6.860204821590821,88.00749865907937,1.090335539802338,13.276391294809752,12.759502784855878,2015,5.2749999999999995,0.12113723253701636,2.945549046689311,0,UT_2016
2020,UT,49,UTAH,1488289,560282,865140,62867,37.64604858330606,58.129839029919594,-20.483790446613533,REPUBLICAN,27.46126859226901,45.54081658810042,-18.07954799583141,REPUBLICAN,2016.0,,,,2018.0,acs5,3045350.0,30.7,68374.0,33.256923849579,3.9019244234605206,86.42868635788989,1.1775986339829576,13.861231057185543,10.337152259717682,2019,3.6750000000000003,1.813258621914171,2.5838316161415076,0,UT_2020
2024,UT,49,UTAH,1488494,562566,883818,42110,37.79430753499846,59.376658555560184,-21.582351020561724,REPUBLICAN,37.64604858330606,58.129839029919594,-20.483790446613533,REPUBLICAN,2020.0,,,,2022.0,acs5,3283809.0,31.4,86833.0,36.130931941575135,3.3520844116873727,82.37976082043748,1.1484224569699395,14.642843112982515,8.515455049000039,2023,3.625,4.126962791295052,2.918555239317744,0,UT_2024
2000,VA,51,VIRGINIA,2739447,1217290,1437490,84667,44.43561054475593,52.47372918694905,-8.038118642193119,REPUBLICAN,45.14777116345739,47.1046187230049,-1.956847559547505,REPUBLICAN,1996.0,41.357627,50.240535,-8.882908,,,,,,,,,,,,1999,4.216666666666667,2.193139410050615,4.788427076368618,0,VA_2000
2004,VA,51,VIRGINIA,3195415,1454742,1716959,23714,45.525917603816715,53.731956569021555,-8.20603896520484,REPUBLICAN,44.43561054475593,52.47372918694905,-8.038118642193119,REPUBLICAN,2000.0,43.917041,49.773561,-5.856520000000003,,,,,,,,,,,,2003,5.991666666666667,2.2979985174202966,2.795612971349559,0,VA_2004
2008,VA,51,VIRGINIA,3723260,1959532,1725005,38723,52.62946987317566,46.33050069025531,6.298969182920345,DEMOCRAT,45.525917603816715,53.731956569021555,-8.20603896520484,REPUBLICAN,2004.0,50.167149,44.004969,6.162179999999999,2006.0,acs1,7642884.0,36.9,56277.0,32.7472537444814,4.662629127102047,70.82790998790509,19.574757382160975,6.160907322419129,9.569827238314316,2007,4.616666666666666,2.870550295613361,2.003864445323078,1,VA_2008
2012,VA,51,VIRGINIA,3854489,1971820,1822522,60147,51.15645679621864,47.28310289638912,3.8733538998295245,DEMOCRAT,52.62946987317566,46.33050069025531,6.298969182920345,DEMOCRAT,2008.0,47.915057,47.583815,0.33124199999999604,2010.0,acs5,7841754.0,37.2,61406.0,33.81299466875145,5.931083103498831,69.88200598998642,19.538358382576142,7.332109627514456,10.289351982901199,2011,8.933333333333334,3.1396522774534974,1.5644068087848906,1,VA_2012
2016,VA,51,VIRGINIA,3982752,1981473,1769443,231836,49.7513528334177,44.427647013924044,5.323705819493654,DEMOCRAT,51.15645679621864,47.28310289638912,3.8733538998295245,DEMOCRAT,2012.0,46.97017,39.9175,7.052670000000006,2014.0,acs5,8185131.0,37.6,64792.0,35.766720443545644,6.934127795424436,69.25195210681417,19.278164271286556,8.396505810352943,11.515288691794222,2015,5.2749999999999995,0.12113723253701636,2.945549046689311,1,VA_2016
2020,VA,51,VIRGINIA,4460524,2413568,1962430,84526,54.109517177802424,43.99550366728214,10.114013510520287,DEMOCRAT,49.7513528334177,44.427647013924044,5.323705819493654,DEMOCRAT,2016.0,,,,2018.0,acs5,8413774.0,38.1,71564.0,38.162803960384984,5.019609615641387,68.01537573982853,19.174332469590937,9.165649089219654,10.947908426096351,2019,3.6750000000000003,1.813258621914171,2.5838316161415076,1,VA_2020
2024,VA,51,VIRGINIA,4503288,2333778,2074097,95413,51.82386736091495,46.05739184347081,5.766475517444142,DEMOCRAT,54.109517177802424,43.99550366728214,10.114013510520287,DEMOCRAT,2020.0,,,,2022.0,acs5,8624511.0,38.7,87249.0,40.96576834953444,4.434376734631586,63.465743159235345,18.90373842644528,10.029728062263473,9.984590274700759,2023,3.625,4.126962791295052,2.918555239317744,1,VA_2024
2000,VT,50,VERMONT,294308,149022,119775,25511,50.63470921619528,40.697160797531836,9.937548418663447,DEMOCRAT,53.35443356329489,31.090079667555305,22.264353895739585,DEMOCRAT,1996.0,46.849232,37.159294,9.689937999999998,,,,,,,,,,,,1999,4.216666666666667,2.193139410050615,4.788427076368618,1,VT_2000
2004,VT,50,VERMONT,312309,184067,121180,7062,58.93746257712714,38.801315363950444,20.1361472131767,DEMOCRAT,50.63470921619528,40.697160797531836,9.937548418663447,DEMOCRAT,2000.0,49.358754,40.166685,9.192068999999996,,,,,,,,,,,,2003,5.991666666666667,2.2979985174202966,2.795612971349559,1,VT_2004
2008,VT,50,VERMONT,325046,219262,98974,6810,67.45568319560924,30.449228724549755,37.006454471059484,DEMOCRAT,58.93746257712714,38.801315363950444,20.1361472131767,DEMOCRAT,2004.0,58.527691,32.211387,26.316303999999995,2006.0,acs1,623908.0,40.6,47665.0,32.44325767690254,4.843271472322531,96.2528129147246,0.8281669733358122,,10.31880417782255,2007,4.616666666666666,2.870550295613361,2.003864445323078,1,VT_2008
2012,VT,50,VERMONT,299290,199239,92698,7353,66.5705503023823,30.97263523672692,35.597915065655386,DEMOCRAT,67.45568319560924,30.449228724549755,37.006454471059484,DEMOCRAT,2008.0,59.850226,28.961293,30.888932999999998,2010.0,acs5,624258.0,41.0,51841.0,33.269701155463416,5.886987650514705,95.6250460546761,0.8800848367181517,1.4663808873895088,11.118887411391835,2011,8.933333333333334,3.1396522774534974,1.5644068087848906,1,VT_2012
2016,VT,50,VERMONT,320467,178573,95369,46525,55.72274212321393,29.759382401308095,25.96335972190584,DEMOCRAT,66.5705503023823,30.97263523672692,35.597915065655386,DEMOCRAT,2012.0,49.27746,23.16138,26.116079999999997,2014.0,acs5,626358.0,42.2,54447.0,35.20224370395062,6.2375532813225005,95.05506435616692,1.0273677353845565,1.6326126592140597,11.97398578292788,2015,5.2749999999999995,0.12113723253701636,2.945549046689311,1,VT_2016
2020,VT,50,VERMONT,370968,242820,112704,15444,65.45578055250049,30.38105712622113,35.074723426279355,DEMOCRAT,55.72274212321393,29.759382401308095,25.96335972190584,DEMOCRAT,2016.0,,,,2018.0,acs5,624977.0,42.9,60076.0,37.32268959164875,4.050551631545152,94.33083137459458,1.2893274472500589,1.868388756706247,11.166117527909464,2019,3.6750000000000003,1.813258621914171,2.5838316161415076,1,VT_2020
2024,VT,50,VERMONT,372885,235791,119395,17699,63.23424111991633,32.01925526636899,31.21498585354734,DEMOCRAT,65.45578055250049,30.38105712622113,35.074723426279355,DEMOCRAT,2020.0,,,,2022.0,acs5,643816.0,42.9,74014.0,41.724669032509645,3.8400009125206385,92.28273295475726,1.2425910508592517,2.142382295562707,10.427024998510172,2023,3.625,4.126962791295052,2.918555239317744,1,VT_2024
2000,WA,53,WASHINGTON,2487433,1247652,1108864,130917,50.158215316754266,44.5786479475025,5.579567369251762,DEMOCRAT,49.840472048333574,37.30136651408243,12.539105534251142,DEMOCRAT,1996.0,45.426984,42.891905,2.535078999999996,,,,,,,,,,,,1999,4.216666666666667,2.193139410050615,4.788427076368618,1,WA_2000
2004,WA,53,WASHINGTON,2859084,1510201,1304894,43989,52.82114831183694,45.64028199241436,7.180866319422584,DEMOCRAT,50.158215316754266,44.5786479475025,5.579567369251762,DEMOCRAT,2000.0,51.680335,45.364852,6.315483,,,,,,,,,,,,2003,5.991666666666667,2.2979985174202966,2.795612971349559,1,WA_2004
2008,WA,53,WASHINGTON,3036878,1750848,1229216,56814,57.65289221364836,40.47630494211489,17.176587271533464,DEMOCRAT,52.82114831183694,45.64028199241436,7.180866319422584,DEMOCRAT,2004.0,54.092893,39.186648,14.906244999999998,2006.0,acs1,6395798.0,36.7,52583.0,30.47640788399048,6.435307806450595,80.4923795279338,3.4064240302773787,9.068876159003146,11.770452827422284,2007,4.616666666666666,2.870550295613361,2.003864445323078,1,WA_2008
2012,WA,53,WASHINGTON,3125516,1755396,1290670,79450,56.163398299672764,41.29462143210913,14.868776867563632,DEMOCRAT,57.65289221364836,40.47630494211489,17.176587271533464,DEMOCRAT,2008.0,54.094214,40.333358,13.760856000000004,2010.0,acs5,6561297.0,37.0,57244.0,31.00057427030518,7.570020090252323,79.23992771551113,3.5036517932353926,10.539806382792914,12.130341818202178,2011,8.933333333333334,3.1396522774534974,1.5644068087848906,1,WA_2012
2016,WA,53,WASHINGTON,3317019,1742718,1221747,352554,52.53868006182659,36.83268018663746,15.705999875189129,DEMOCRAT,56.163398299672764,41.29462143210913,14.868776867563632,DEMOCRAT,2012.0,49.24493,33.4174,15.827529999999996,2014.0,acs5,6899123.0,37.4,60294.0,32.3025680807886,8.81887754446689,78.15923850031373,3.6306643612528724,11.740593695749444,13.545261041802165,2015,5.2749999999999995,0.12113723253701636,2.945549046689311,1,WA_2016
2020,WA,53,WASHINGTON,4087631,2369612,1584651,133368,57.97030113530306,38.766977743343276,19.203323391959785,DEMOCRAT,52.53868006182659,36.83268018663746,15.705999875189129,DEMOCRAT,2016.0,,,,2018.0,acs5,7294336.0,37.6,70116.0,35.251521258838814,5.34267410092059,76.03155379735729,3.699500543983716,12.496997670521347,11.472416915071097,2019,3.6750000000000003,1.813258621914171,2.5838316161415076,1,WA_2020
2024,WA,53,WASHINGTON,3924243,2245849,1530923,147471,57.23012056083173,39.011931727979125,18.218188832852604,DEMOCRAT,57.97030113530306,38.766977743343276,19.203323391959785,DEMOCRAT,2020.0,,,,2022.0,acs5,7688549.0,38.0,90325.0,37.95256833617775,4.988725236352218,69.9075209119432,3.921116975387684,13.489580413677535,9.896391700851058,2023,3.625,4.126962791295052,2.918555239317744,1,WA_2024
2000,WI,55,WISCONSIN,2598607,1242987,1237279,118341,47.832819660687434,47.613163514144304,0.21965614654313015,DEMOCRAT,48.810952162606796,38.47741225743556,10.333539905171236,DEMOCRAT,1996.0,43.329645,43.114403,0.21524199999999638,,,,,,,,,,,,1999,4.216666666666667,2.193139410050615,4.788427076368618,1,WI_2000
2004,WI,55,WISCONSIN,2997007,1489504,1478120,29383,49.69971708441122,49.31987145842503,0.3798456259861922,DEMOCRAT,47.832819660687434,47.613163514144304,0.21965614654313015,DEMOCRAT,2000.0,46.380259,48.067369,-1.687109999999997,,,,,,,,,,,,2003,5.991666666666667,2.2979985174202966,2.795612971349559,1,WI_2004
2008,WI,55,WISCONSIN,2983417,1677211,1262393,43813,56.21778651794235,42.31366248834809,13.904124029594257,DEMOCRAT,49.69971708441122,49.31987145842503,0.3798456259861922,DEMOCRAT,2004.0,52.235837,40.322651,11.913185999999996,2006.0,acs1,5556506.0,37.6,48772.0,25.13151602753575,5.529779472990079,87.45943943910076,5.909756958779492,4.612682862215932,10.957453938333149,2007,4.616666666666666,2.870550295613361,2.003864445323078,1,WI_2008
2012,WI,55,WISCONSIN,3071434,1620985,1410966,39483,52.77616253515459,45.93834671361976,6.837815821534832,DEMOCRAT,56.21778651794235,42.31366248834809,13.904124029594257,DEMOCRAT,2008.0,49.46352,46.066775,3.396745000000003,2010.0,acs5,5637947.0,38.1,51598.0,25.791637505238356,6.656017905533994,87.16915927020953,6.184201447796512,5.508192964566712,11.62115444410787,2011,8.933333333333334,3.1396522774534974,1.5644068087848906,1,WI_2012
2016,WI,55,WISCONSIN,2976150,1382536,1405284,188330,46.45384137224266,47.21818456731012,-0.7643431950674611,REPUBLICAN,52.77616253515459,45.93834671361976,6.837815821534832,DEMOCRAT,2012.0,46.32741,40.34207,5.985340000000001,2014.0,acs5,5724692.0,38.8,52738.0,27.417771251325956,7.211616043309649,86.733015505463,6.249384246348974,6.206307693060168,13.256973554334051,2015,5.2749999999999995,0.12113723253701636,2.945549046689311,0,WI_2016
2020,WI,55,WISCONSIN,3298041,1630866,1610184,56991,49.44953686142774,48.822437319608824,0.6270995418189145,DEMOCRAT,46.45384137224266,47.21818456731012,-0.7643431950674611,REPUBLICAN,2016.0,,,,2018.0,acs5,5778394.0,39.3,59209.0,29.522329427261873,4.039449304898276,85.59412874926839,6.381427088564746,6.6762321849288915,11.87268498900095,2019,3.6750000000000003,1.813258621914171,2.5838316161415076,1,WI_2020
2024,WI,55,WISCONSIN,3422918,1668229,1697626,57063,48.73704248830968,49.5958711251628,-0.8588286368531186,REPUBLICAN,49.44953686142774,48.822437319608824,0.6270995418189145,DEMOCRAT,2020.0,,,,2022.0,acs5,5882128.0,39.9,72458.0,32.02389131364427,3.3617020732084955,82.53779924544314,6.176863203248892,7.326872179592147,10.650244360077476,2023,3.625,4.126962791295052,2.918555239317744,0,WI_2024
2000,WV,54,WEST VIRGINIA,648124,295497,336475,16152,45.59266436669526,51.91521992705099,-6.322555560355731,REPUBLICAN,51.505595804285896,36.75743449303097,14.748161311254925,DEMOCRAT,1996.0,39.772995,44.769959,-4.996963999999998,,,,,,,,,,,,1999,4.216666666666667,2.193139410050615,4.788427076368618,0,WV_2000
2004,WV,54,WEST VIRGINIA,755792,326541,423778,5473,43.205141097021404,56.07071786946673,-12.86557677244533,REPUBLICAN,45.59266436669526,51.91521992705099,-6.322555560355731,REPUBLICAN,2000.0,44.499208,50.825648,-6.326439999999998,,,,,,,,,,,,2003,5.991666666666667,2.2979985174202966,2.795612971349559,0,WV_2004
2008,WV,54,WEST VIRGINIA,713451,303857,397466,12128,42.58975038229676,55.71034310695479,-13.120592724658032,REPUBLICAN,43.205141097021404,56.07071786946673,-12.86557677244533,REPUBLICAN,2004.0,41.449463,51.759194,-10.309731,2006.0,acs1,1818470.0,40.7,35059.0,16.511248023450175,6.840931727220971,94.64538870589013,3.2276034248571603,,17.336222892035682,2007,4.616666666666666,2.870550295613361,2.003864445323078,0,WV_2008
2012,WV,54,WEST VIRGINIA,670438,238269,417655,14514,35.53930415638732,62.29584241943327,-26.756538263045954,REPUBLICAN,42.58975038229676,55.71034310695479,-13.120592724658032,REPUBLICAN,2008.0,37.406612,54.169845,-16.763233,2010.0,acs5,1840802.0,41.1,38380.0,17.2517056870268,7.132077812002563,94.2314817128621,3.2033863500800197,1.1383625180763601,17.354892873032803,2011,8.933333333333334,3.1396522774534974,1.5644068087848906,0,WV_2012
2016,WV,54,WEST VIRGINIA,713051,188794,489371,34886,26.476928017771517,68.63057481161935,-42.15364679384784,REPUBLICAN,35.53930415638732,62.29584241943327,-26.756538263045954,REPUBLICAN,2012.0,29.02882,56.81493,-27.786109999999997,2014.0,acs5,1853881.0,41.6,41576.0,18.74814225012205,8.172388822108058,93.6314682549743,3.1894711688614317,1.2978718698773006,18.129533425363398,2015,5.2749999999999995,0.12113723253701636,2.945549046689311,0,WV_2016
2020,WV,54,WEST VIRGINIA,794652,235984,545382,13286,29.696521244519612,68.63155192461606,-38.935030680096446,REPUBLICAN,26.476928017771517,68.63057481161935,-42.15364679384784,REPUBLICAN,2016.0,,,,2018.0,acs5,1829054.0,42.4,44921.0,20.257970844000855,6.74941766652226,93.1817759344448,3.6482247106974426,1.5047122720269603,17.757603288711913,2019,3.6750000000000003,1.813258621914171,2.5838316161415076,0,WV_2020
2024,WV,54,WEST VIRGINIA,762584,214309,533556,14719,28.10300242333959,69.96684955362295,-41.86384713028336,REPUBLICAN,29.696521244519612,68.63155192461606,-38.935030680096446,REPUBLICAN,2020.0,,,,2022.0,acs5,1792967.0,42.6,55217.0,22.71116112963212,6.0612595139814855,91.43179991600515,3.414842548691638,1.835505059490777,16.803664956131183,2023,3.625,4.126962791295052,2.918555239317744,0,WV_2024
2000,WY,56,WYOMING,213726,60481,147947,5298,28.298382040556604,69.22274313841086,-40.92436109785426,REPUBLICAN,36.83586124752447,49.81211980848037,-12.976258560955898,REPUBLICAN,1996.0,29.676411,58.71248,-29.036068999999998,,,,,,,,,,,,1999,4.216666666666667,2.193139410050615,4.788427076368618,0,WY_2000
2004,WY,56,WYOMING,243861,70776,167629,5456,29.023091023164838,68.73956885274808,-39.71647782958324,REPUBLICAN,28.298382040556604,69.22274313841086,-40.92436109785426,REPUBLICAN,2000.0,,,,,,,,,,,,,,,2003,5.991666666666667,2.2979985174202966,2.795612971349559,0,WY_2004
2008,WY,56,WYOMING,254904,82868,164958,7078,32.50949377020368,64.71377459749553,-32.204280827291846,REPUBLICAN,29.023091023164838,68.73956885274808,-39.71647782958324,REPUBLICAN,2004.0,33.435756,58.896327,-25.460571,2006.0,acs1,515004.0,37.5,47423.0,22.73083518465047,3.5414728366804753,91.8317139284355,0.7157225963293489,,9.356109855379753,2007,4.616666666666666,2.870550295613361,2.003864445323078,0,WY_2008
2012,WY,56,WYOMING,250701,69286,170962,10453,27.63690611525283,68.19358518713527,-40.55667907188244,REPUBLICAN,32.50949377020368,64.71377459749553,-32.204280827291846,REPUBLICAN,2008.0,,,,2010.0,acs5,545579.0,37.0,53802.0,23.564029408230617,4.427671940587666,91.33892616834592,0.7579104034429478,8.391452017031447,9.82573814690603,2011,8.933333333333334,3.1396522774534974,1.5644068087848906,0,WY_2012
2016,WY,56,WYOMING,258788,55973,174419,28396,21.628900876393033,67.3984110546084,-45.76951017821537,REPUBLICAN,27.63690611525283,68.19358518713527,-40.55667907188244,REPUBLICAN,2012.0,21.95169,59.28101,-37.32932,2014.0,acs5,575251.0,36.8,58252.0,25.1224094589843,5.186958133605636,90.83600028509295,1.035721797962976,9.418671153983217,11.630882397489607,2015,5.2749999999999995,0.12113723253701636,2.945549046689311,0,WY_2016
2020,WY,56,WYOMING,278503,73491,193559,11453,26.387866557990396,69.49978994840271,-43.111923390412315,REPUBLICAN,21.628900876393033,67.3984110546084,-45.76951017821537,REPUBLICAN,2016.0,,,,2018.0,acs5,581836.0,37.3,62268.0,26.88913948691339,4.492069535989076,91.43607477021017,0.9521583401508329,9.790731408850604,11.147284091909498,2019,3.6750000000000003,1.813258621914171,2.5838316161415076,0,WY_2020
2024,WY,56,WYOMING,271123,69527,192633,8963,25.6440803620497,71.05004001873688,-45.40595965668718,REPUBLICAN,26.387866557990396,69.49978994840271,-43.111923390412315,REPUBLICAN,2020.0,,,,2022.0,acs5,577929.0,38.5,72495.0,28.989387496745806,3.826945625703605,87.34602347347166,0.8462977286137225,10.471528509557402,10.660072149688444,2023,3.625,4.126962791295052,2.918555239317744,0,WY_2024
